Nombre,CÃ³digo,Precio,Fecha
iPhone 15,P001,1007.16,2025-04-06 00:00:00
iPhone 15,P001,1016.03,2025-02-26 00:00:00
iPhone 15,P001,943.77,2025-01-21 00:00:00
iPhone 15,P001,929.95,2025-02-07 00:00:00
iPhone 15,P001,980.66,2025-02-26 00:00:00
iPhone 15,P001,1022.64,2025-04-07 00:00:00
iPhone 15,P001,948.82,2025-02-17 00:00:00
iPhone 15,P001,910.11,2025-01-10 00:00:00
iPhone 15,P001,894.17,2025-03-10 00:00:00
iPhone 15,P001,1005.68,2025-03-31 00:00:00
iPhone 15,P001,1078.79,2025-02-21 00:00:00
iPhone 15,P001,963.31,2025-02-11 00:00:00
iPhone 15,P001,1019.64,2025-02-03 00:00:00
iPhone 15,P001,965.63,2025-01-11 00:00:00
iPhone 15,P001,935.82,2025-03-21 00:00:00
iPhone 15,P001,1048.11,2025-01-27 00:00:00
iPhone 15,P001,888.76,2025-02-14 00:00:00
iPhone 15,P001,900.5,2025-02-22 00:00:00
iPhone 15,P001,905.77,2025-04-01 00:00:00
iPhone 15,P001,887.31,2025-01-18 00:00:00
iPhone 15,P001,996.44,2025-03-25 00:00:00
iPhone 15,P001,911.09,2025-01-12 00:00:00
iPhone 15,P001,955.3,2025-02-09 00:00:00
iPhone 15,P001,1032.5,2025-01-15 00:00:00
iPhone 15,P001,1007.27,2025-03-29 00:00:00
iPhone 15,P001,1005.52,2025-02-14 00:00:00
iPhone 15,P001,1014.85,2025-01-13 00:00:00
iPhone 15,P001,891.31,2025-01-18 00:00:00
iPhone 15,P001,1009.95,2025-02-15 00:00:00
iPhone 15,P001,1075.25,2025-03-10 00:00:00
iPhone 15,P001,895.27,2025-03-25 00:00:00
iPhone 15,P001,895.96,2025-01-14 00:00:00
iPhone 15,P001,950.79,2025-04-05 00:00:00
iPhone 15,P001,926.13,2025-02-10 00:00:00
iPhone 15,P001,1072.15,2025-03-07 00:00:00
iPhone 15,P001,989.28,2025-02-07 00:00:00
iPhone 15,P001,1034.89,2025-01-22 00:00:00
iPhone 15,P001,907.06,2025-02-02 00:00:00
iPhone 15,P001,965.03,2025-03-06 00:00:00
iPhone 15,P001,1030.47,2025-04-02 00:00:00
iPhone 15,P001,914.39,2025-03-08 00:00:00
iPhone 15,P001,1062.07,2025-02-05 00:00:00
iPhone 15,P001,896.42,2025-02-10 00:00:00
iPhone 15,P001,1078.53,2025-01-27 00:00:00
iPhone 15,P001,1075.91,2025-02-18 00:00:00
iPhone 15,P001,1053.09,2025-01-28 00:00:00
iPhone 15,P001,1042.18,2025-03-23 00:00:00
iPhone 15,P001,940.98,2025-03-09 00:00:00
iPhone 15,P001,1058.4,2025-02-15 00:00:00
iPhone 15,P001,937.31,2025-02-10 00:00:00
iPhone 15,P001,997.51,2025-01-25 00:00:00
iPhone 15,P001,974.21,2025-03-02 00:00:00
iPhone 15,P001,893.26,2025-03-27 00:00:00
iPhone 15,P001,956.06,2025-02-06 00:00:00
iPhone 15,P001,1079.31,2025-02-11 00:00:00
iPhone 15,P001,980.76,2025-02-23 00:00:00
iPhone 15,P001,1066.81,2025-03-30 00:00:00
iPhone 15,P001,921.96,2025-03-14 00:00:00
iPhone 15,P001,959.74,2025-01-23 00:00:00
iPhone 15,P001,935.61,2025-02-15 00:00:00
iPhone 15,P001,893.18,2025-01-22 00:00:00
iPhone 15,P001,1012.29,2025-04-04 00:00:00
iPhone 15,P001,990.59,2025-01-17 00:00:00
iPhone 15,P001,922.04,2025-01-12 00:00:00
iPhone 15,P001,988.3,2025-03-30 00:00:00
iPhone 15,P001,993.08,2025-01-09 00:00:00
iPhone 15,P001,914.25,2025-03-01 00:00:00
iPhone 15,P001,904.8,2025-03-30 00:00:00
iPhone 15,P001,909.61,2025-02-21 00:00:00
iPhone 15,P001,1080.15,2025-03-02 00:00:00
iPhone 15,P001,888.27,2025-04-06 00:00:00
iPhone 15,P001,991.74,2025-02-15 00:00:00
iPhone 15,P001,1014.98,2025-02-05 00:00:00
iPhone 15,P001,995.91,2025-03-19 00:00:00
iPhone 15,P001,1013.92,2025-02-09 00:00:00
iPhone 15,P001,1017.35,2025-02-12 00:00:00
iPhone 15,P001,1058.65,2025-01-07 00:00:00
iPhone 15,P001,1023.77,2025-03-17 00:00:00
iPhone 15,P001,943.92,2025-02-24 00:00:00
iPhone 15,P001,1010.99,2025-01-25 00:00:00
iPhone 15,P001,980.01,2025-01-14 00:00:00
iPhone 15,P001,1012.16,2025-02-07 00:00:00
iPhone 15,P001,954.78,2025-03-02 00:00:00
iPhone 15,P001,1012.7,2025-01-14 00:00:00
iPhone 15,P001,911.61,2025-02-27 00:00:00
iPhone 15,P001,1060.65,2025-03-03 00:00:00
iPhone 15,P001,1000.26,2025-03-15 00:00:00
iPhone 15,P001,987.12,2025-01-15 00:00:00
iPhone 15,P001,985.54,2025-03-31 00:00:00
iPhone 15,P001,1001.87,2025-02-28 00:00:00
iPhone 15,P001,929.2,2025-03-24 00:00:00
iPhone 15,P001,943.62,2025-02-05 00:00:00
iPhone 15,P001,944.72,2025-02-11 00:00:00
iPhone 15,P001,897.04,2025-02-09 00:00:00
iPhone 15,P001,1018.74,2025-01-18 00:00:00
iPhone 15,P001,1029.27,2025-02-03 00:00:00
iPhone 15,P001,1012.41,2025-02-01 00:00:00
iPhone 15,P001,992.05,2025-03-27 00:00:00
iPhone 15,P001,946.62,2025-02-24 00:00:00
iPhone 15,P001,1036.11,2025-03-05 00:00:00
PlayStation 5,P002,1021.82,2025-02-09 00:00:00
PlayStation 5,P002,1222.98,2025-02-09 00:00:00
PlayStation 5,P002,1158.96,2025-02-26 00:00:00
PlayStation 5,P002,1218.08,2025-03-25 00:00:00
PlayStation 5,P002,1018.97,2025-04-02 00:00:00
PlayStation 5,P002,1069.86,2025-02-01 00:00:00
PlayStation 5,P002,1133.02,2025-02-25 00:00:00
PlayStation 5,P002,1166.85,2025-03-09 00:00:00
PlayStation 5,P002,1157.08,2025-03-17 00:00:00
PlayStation 5,P002,1179.28,2025-03-26 00:00:00
PlayStation 5,P002,1204.73,2025-02-21 00:00:00
PlayStation 5,P002,1031.23,2025-01-28 00:00:00
PlayStation 5,P002,1141.12,2025-03-29 00:00:00
PlayStation 5,P002,1082.0,2025-01-13 00:00:00
PlayStation 5,P002,1022.87,2025-02-12 00:00:00
PlayStation 5,P002,1028.6,2025-02-01 00:00:00
PlayStation 5,P002,1087.96,2025-02-19 00:00:00
PlayStation 5,P002,1090.66,2025-03-24 00:00:00
PlayStation 5,P002,1059.44,2025-03-27 00:00:00
PlayStation 5,P002,1103.31,2025-02-28 00:00:00
PlayStation 5,P002,1023.19,2025-04-02 00:00:00
PlayStation 5,P002,1136.07,2025-02-19 00:00:00
PlayStation 5,P002,1202.85,2025-01-27 00:00:00
PlayStation 5,P002,1115.45,2025-01-12 00:00:00
PlayStation 5,P002,1136.07,2025-02-07 00:00:00
PlayStation 5,P002,1056.8,2025-02-10 00:00:00
PlayStation 5,P002,1132.33,2025-03-17 00:00:00
PlayStation 5,P002,1240.65,2025-03-17 00:00:00
PlayStation 5,P002,1181.81,2025-02-11 00:00:00
PlayStation 5,P002,1147.71,2025-02-10 00:00:00
PlayStation 5,P002,1068.9,2025-03-09 00:00:00
PlayStation 5,P002,1145.66,2025-03-23 00:00:00
PlayStation 5,P002,1131.84,2025-04-06 00:00:00
PlayStation 5,P002,1070.51,2025-03-31 00:00:00
PlayStation 5,P002,1034.54,2025-01-31 00:00:00
PlayStation 5,P002,1228.7,2025-01-17 00:00:00
PlayStation 5,P002,1194.13,2025-02-19 00:00:00
PlayStation 5,P002,1208.51,2025-02-02 00:00:00
PlayStation 5,P002,1207.6,2025-03-25 00:00:00
PlayStation 5,P002,1184.33,2025-01-18 00:00:00
PlayStation 5,P002,1187.43,2025-02-06 00:00:00
PlayStation 5,P002,1235.23,2025-02-28 00:00:00
PlayStation 5,P002,1105.19,2025-02-03 00:00:00
PlayStation 5,P002,1142.09,2025-03-27 00:00:00
PlayStation 5,P002,1196.38,2025-03-29 00:00:00
PlayStation 5,P002,1137.32,2025-01-23 00:00:00
PlayStation 5,P002,1118.92,2025-01-17 00:00:00
PlayStation 5,P002,1216.56,2025-02-26 00:00:00
PlayStation 5,P002,1061.04,2025-02-18 00:00:00
PlayStation 5,P002,1208.84,2025-03-07 00:00:00
PlayStation 5,P002,1105.23,2025-01-31 00:00:00
PlayStation 5,P002,1134.59,2025-02-28 00:00:00
PlayStation 5,P002,1125.38,2025-02-18 00:00:00
PlayStation 5,P002,1065.18,2025-02-18 00:00:00
PlayStation 5,P002,1125.64,2025-02-12 00:00:00
PlayStation 5,P002,1042.7,2025-03-09 00:00:00
PlayStation 5,P002,1150.83,2025-02-11 00:00:00
PlayStation 5,P002,1213.15,2025-01-09 00:00:00
PlayStation 5,P002,1230.21,2025-01-29 00:00:00
PlayStation 5,P002,1201.4,2025-02-21 00:00:00
PlayStation 5,P002,1053.21,2025-01-25 00:00:00
PlayStation 5,P002,1138.11,2025-01-25 00:00:00
PlayStation 5,P002,1067.56,2025-03-27 00:00:00
PlayStation 5,P002,1053.22,2025-03-31 00:00:00
PlayStation 5,P002,1157.68,2025-02-05 00:00:00
PlayStation 5,P002,1063.0,2025-03-29 00:00:00
PlayStation 5,P002,1033.13,2025-03-20 00:00:00
PlayStation 5,P002,1066.24,2025-01-17 00:00:00
PlayStation 5,P002,1147.95,2025-01-26 00:00:00
PlayStation 5,P002,1152.93,2025-01-11 00:00:00
PlayStation 5,P002,1164.75,2025-02-27 00:00:00
PlayStation 5,P002,1165.71,2025-01-11 00:00:00
PlayStation 5,P002,1083.32,2025-02-11 00:00:00
PlayStation 5,P002,1182.8,2025-01-29 00:00:00
PlayStation 5,P002,1190.67,2025-03-21 00:00:00
PlayStation 5,P002,1118.87,2025-04-05 00:00:00
PlayStation 5,P002,1212.15,2025-03-20 00:00:00
PlayStation 5,P002,1121.94,2025-02-01 00:00:00
PlayStation 5,P002,1025.43,2025-02-26 00:00:00
PlayStation 5,P002,1037.75,2025-03-22 00:00:00
PlayStation 5,P002,1070.55,2025-02-19 00:00:00
PlayStation 5,P002,1033.5,2025-02-04 00:00:00
PlayStation 5,P002,1213.72,2025-01-16 00:00:00
PlayStation 5,P002,1223.27,2025-01-08 00:00:00
PlayStation 5,P002,1166.49,2025-03-07 00:00:00
PlayStation 5,P002,1164.02,2025-03-31 00:00:00
PlayStation 5,P002,1187.31,2025-02-28 00:00:00
PlayStation 5,P002,1120.84,2025-01-23 00:00:00
PlayStation 5,P002,1219.1,2025-01-16 00:00:00
PlayStation 5,P002,1049.01,2025-03-09 00:00:00
PlayStation 5,P002,1095.89,2025-02-09 00:00:00
PlayStation 5,P002,1194.5,2025-02-24 00:00:00
PlayStation 5,P002,1113.42,2025-03-10 00:00:00
PlayStation 5,P002,1207.53,2025-03-11 00:00:00
PlayStation 5,P002,1076.58,2025-01-08 00:00:00
PlayStation 5,P002,1027.56,2025-03-30 00:00:00
PlayStation 5,P002,1108.5,2025-02-05 00:00:00
PlayStation 5,P002,1059.16,2025-03-21 00:00:00
PlayStation 5,P002,1114.41,2025-02-27 00:00:00
PlayStation 5,P002,1182.63,2025-01-25 00:00:00
Nintendo Switch,P003,280.08,2025-03-27 00:00:00
Nintendo Switch,P003,307.92,2025-03-17 00:00:00
Nintendo Switch,P003,290.82,2025-03-03 00:00:00
Nintendo Switch,P003,271.44,2025-02-01 00:00:00
Nintendo Switch,P003,283.72,2025-02-15 00:00:00
Nintendo Switch,P003,319.3,2025-01-15 00:00:00
Nintendo Switch,P003,273.5,2025-04-01 00:00:00
Nintendo Switch,P003,295.99,2025-02-06 00:00:00
Nintendo Switch,P003,290.03,2025-01-18 00:00:00
Nintendo Switch,P003,274.83,2025-02-28 00:00:00
Nintendo Switch,P003,322.03,2025-01-26 00:00:00
Nintendo Switch,P003,325.85,2025-03-10 00:00:00
Nintendo Switch,P003,320.0,2025-02-03 00:00:00
Nintendo Switch,P003,295.86,2025-02-06 00:00:00
Nintendo Switch,P003,304.5,2025-02-16 00:00:00
Nintendo Switch,P003,307.0,2025-01-07 00:00:00
Nintendo Switch,P003,314.49,2025-03-01 00:00:00
Nintendo Switch,P003,321.71,2025-01-24 00:00:00
Nintendo Switch,P003,303.5,2025-02-25 00:00:00
Nintendo Switch,P003,322.46,2025-01-29 00:00:00
Nintendo Switch,P003,271.61,2025-02-08 00:00:00
Nintendo Switch,P003,326.0,2025-01-10 00:00:00
Nintendo Switch,P003,309.07,2025-02-15 00:00:00
Nintendo Switch,P003,274.69,2025-02-03 00:00:00
Nintendo Switch,P003,318.68,2025-04-02 00:00:00
Nintendo Switch,P003,284.12,2025-01-17 00:00:00
Nintendo Switch,P003,315.61,2025-03-16 00:00:00
Nintendo Switch,P003,301.81,2025-01-17 00:00:00
Nintendo Switch,P003,272.0,2025-03-19 00:00:00
Nintendo Switch,P003,286.62,2025-01-25 00:00:00
Nintendo Switch,P003,310.3,2025-01-20 00:00:00
Nintendo Switch,P003,299.93,2025-03-23 00:00:00
Nintendo Switch,P003,316.74,2025-02-26 00:00:00
Nintendo Switch,P003,300.61,2025-03-14 00:00:00
Nintendo Switch,P003,309.27,2025-01-19 00:00:00
Nintendo Switch,P003,294.46,2025-03-13 00:00:00
Nintendo Switch,P003,292.07,2025-02-08 00:00:00
Nintendo Switch,P003,286.64,2025-03-13 00:00:00
Nintendo Switch,P003,318.31,2025-02-05 00:00:00
Nintendo Switch,P003,296.26,2025-02-07 00:00:00
Nintendo Switch,P003,280.76,2025-04-03 00:00:00
Nintendo Switch,P003,307.53,2025-02-19 00:00:00
Nintendo Switch,P003,324.84,2025-02-05 00:00:00
Nintendo Switch,P003,280.51,2025-02-17 00:00:00
Nintendo Switch,P003,319.76,2025-03-16 00:00:00
Nintendo Switch,P003,322.76,2025-01-14 00:00:00
Nintendo Switch,P003,292.91,2025-01-31 00:00:00
Nintendo Switch,P003,284.18,2025-03-22 00:00:00
Nintendo Switch,P003,271.48,2025-03-11 00:00:00
Nintendo Switch,P003,270.84,2025-01-07 00:00:00
Nintendo Switch,P003,273.01,2025-04-01 00:00:00
Nintendo Switch,P003,293.64,2025-01-16 00:00:00
Nintendo Switch,P003,274.97,2025-03-14 00:00:00
Nintendo Switch,P003,304.09,2025-03-31 00:00:00
Nintendo Switch,P003,328.19,2025-02-08 00:00:00
Nintendo Switch,P003,326.59,2025-01-20 00:00:00
Nintendo Switch,P003,269.96,2025-03-16 00:00:00
Nintendo Switch,P003,294.45,2025-03-16 00:00:00
Nintendo Switch,P003,283.54,2025-02-02 00:00:00
Nintendo Switch,P003,314.13,2025-02-10 00:00:00
Nintendo Switch,P003,295.12,2025-03-15 00:00:00
Nintendo Switch,P003,298.19,2025-01-28 00:00:00
Nintendo Switch,P003,305.92,2025-01-08 00:00:00
Nintendo Switch,P003,297.56,2025-03-10 00:00:00
Nintendo Switch,P003,325.15,2025-02-15 00:00:00
Nintendo Switch,P003,324.37,2025-03-19 00:00:00
Nintendo Switch,P003,296.24,2025-03-09 00:00:00
Nintendo Switch,P003,275.61,2025-01-26 00:00:00
Nintendo Switch,P003,296.61,2025-02-21 00:00:00
Nintendo Switch,P003,329.08,2025-02-14 00:00:00
Nintendo Switch,P003,316.09,2025-03-30 00:00:00
Nintendo Switch,P003,315.34,2025-01-10 00:00:00
Nintendo Switch,P003,325.8,2025-01-23 00:00:00
Nintendo Switch,P003,302.43,2025-01-08 00:00:00
Nintendo Switch,P003,288.96,2025-01-14 00:00:00
Nintendo Switch,P003,323.08,2025-02-28 00:00:00
Nintendo Switch,P003,318.13,2025-02-21 00:00:00
Nintendo Switch,P003,309.84,2025-01-21 00:00:00
Nintendo Switch,P003,320.65,2025-01-15 00:00:00
Nintendo Switch,P003,288.92,2025-03-03 00:00:00
Nintendo Switch,P003,289.14,2025-03-22 00:00:00
Nintendo Switch,P003,272.63,2025-02-19 00:00:00
Nintendo Switch,P003,320.29,2025-01-09 00:00:00
Nintendo Switch,P003,296.22,2025-04-05 00:00:00
Nintendo Switch,P003,318.87,2025-02-25 00:00:00
Nintendo Switch,P003,297.61,2025-03-16 00:00:00
Nintendo Switch,P003,270.83,2025-01-31 00:00:00
Nintendo Switch,P003,277.87,2025-03-07 00:00:00
Nintendo Switch,P003,301.43,2025-03-20 00:00:00
Nintendo Switch,P003,303.29,2025-04-04 00:00:00
Nintendo Switch,P003,313.67,2025-03-01 00:00:00
Nintendo Switch,P003,324.68,2025-03-08 00:00:00
Nintendo Switch,P003,270.17,2025-01-24 00:00:00
Nintendo Switch,P003,291.41,2025-03-02 00:00:00
Nintendo Switch,P003,299.97,2025-02-15 00:00:00
Nintendo Switch,P003,288.67,2025-01-31 00:00:00
Nintendo Switch,P003,299.29,2025-02-12 00:00:00
Nintendo Switch,P003,273.05,2025-02-03 00:00:00
Nintendo Switch,P003,294.53,2025-01-07 00:00:00
Nintendo Switch,P003,316.62,2025-03-22 00:00:00
AirPods Pro,P004,638.02,2025-01-16 00:00:00
AirPods Pro,P004,598.05,2025-03-25 00:00:00
AirPods Pro,P004,623.51,2025-02-17 00:00:00
AirPods Pro,P004,594.45,2025-03-20 00:00:00
AirPods Pro,P004,557.18,2025-02-09 00:00:00
AirPods Pro,P004,603.78,2025-01-24 00:00:00
AirPods Pro,P004,592.35,2025-03-31 00:00:00
AirPods Pro,P004,554.93,2025-03-11 00:00:00
AirPods Pro,P004,635.84,2025-01-11 00:00:00
AirPods Pro,P004,632.65,2025-03-21 00:00:00
AirPods Pro,P004,590.38,2025-02-22 00:00:00
AirPods Pro,P004,598.18,2025-01-09 00:00:00
AirPods Pro,P004,633.82,2025-01-17 00:00:00
AirPods Pro,P004,577.98,2025-01-10 00:00:00
AirPods Pro,P004,654.9,2025-03-08 00:00:00
AirPods Pro,P004,550.02,2025-01-13 00:00:00
AirPods Pro,P004,636.7,2025-02-17 00:00:00
AirPods Pro,P004,571.12,2025-03-20 00:00:00
AirPods Pro,P004,594.36,2025-02-02 00:00:00
AirPods Pro,P004,639.98,2025-01-24 00:00:00
AirPods Pro,P004,600.33,2025-02-15 00:00:00
AirPods Pro,P004,549.83,2025-03-24 00:00:00
AirPods Pro,P004,559.89,2025-03-17 00:00:00
AirPods Pro,P004,605.88,2025-01-15 00:00:00
AirPods Pro,P004,537.98,2025-01-29 00:00:00
AirPods Pro,P004,592.0,2025-03-07 00:00:00
AirPods Pro,P004,596.08,2025-02-20 00:00:00
AirPods Pro,P004,551.31,2025-02-16 00:00:00
AirPods Pro,P004,631.13,2025-02-12 00:00:00
AirPods Pro,P004,612.65,2025-02-27 00:00:00
AirPods Pro,P004,539.65,2025-03-01 00:00:00
AirPods Pro,P004,605.69,2025-03-25 00:00:00
AirPods Pro,P004,563.71,2025-04-03 00:00:00
AirPods Pro,P004,555.85,2025-03-11 00:00:00
AirPods Pro,P004,552.37,2025-02-02 00:00:00
AirPods Pro,P004,622.42,2025-02-27 00:00:00
AirPods Pro,P004,564.88,2025-03-07 00:00:00
AirPods Pro,P004,601.71,2025-02-17 00:00:00
AirPods Pro,P004,594.72,2025-04-06 00:00:00
AirPods Pro,P004,621.15,2025-02-04 00:00:00
AirPods Pro,P004,647.58,2025-02-23 00:00:00
AirPods Pro,P004,631.53,2025-03-18 00:00:00
AirPods Pro,P004,556.81,2025-03-04 00:00:00
AirPods Pro,P004,615.94,2025-02-18 00:00:00
AirPods Pro,P004,544.75,2025-03-26 00:00:00
AirPods Pro,P004,636.67,2025-04-02 00:00:00
AirPods Pro,P004,564.57,2025-03-24 00:00:00
AirPods Pro,P004,557.63,2025-03-23 00:00:00
AirPods Pro,P004,631.1,2025-02-06 00:00:00
AirPods Pro,P004,556.02,2025-02-04 00:00:00
AirPods Pro,P004,576.65,2025-02-11 00:00:00
AirPods Pro,P004,563.18,2025-03-11 00:00:00
AirPods Pro,P004,603.45,2025-02-02 00:00:00
AirPods Pro,P004,632.5,2025-02-07 00:00:00
AirPods Pro,P004,600.08,2025-02-08 00:00:00
AirPods Pro,P004,653.69,2025-01-12 00:00:00
AirPods Pro,P004,561.76,2025-03-02 00:00:00
AirPods Pro,P004,587.35,2025-02-18 00:00:00
AirPods Pro,P004,654.3,2025-03-11 00:00:00
AirPods Pro,P004,554.39,2025-02-24 00:00:00
AirPods Pro,P004,634.54,2025-02-17 00:00:00
AirPods Pro,P004,553.24,2025-03-28 00:00:00
AirPods Pro,P004,555.33,2025-03-09 00:00:00
AirPods Pro,P004,635.57,2025-02-25 00:00:00
AirPods Pro,P004,550.53,2025-03-15 00:00:00
AirPods Pro,P004,620.56,2025-03-31 00:00:00
AirPods Pro,P004,577.45,2025-03-02 00:00:00
AirPods Pro,P004,620.12,2025-03-20 00:00:00
AirPods Pro,P004,541.69,2025-01-25 00:00:00
AirPods Pro,P004,630.72,2025-02-10 00:00:00
AirPods Pro,P004,604.25,2025-03-24 00:00:00
AirPods Pro,P004,567.26,2025-02-09 00:00:00
AirPods Pro,P004,550.84,2025-01-18 00:00:00
AirPods Pro,P004,653.56,2025-02-19 00:00:00
AirPods Pro,P004,634.57,2025-01-18 00:00:00
AirPods Pro,P004,620.97,2025-01-19 00:00:00
AirPods Pro,P004,601.06,2025-02-22 00:00:00
AirPods Pro,P004,651.13,2025-02-05 00:00:00
AirPods Pro,P004,537.44,2025-01-27 00:00:00
AirPods Pro,P004,585.54,2025-02-10 00:00:00
AirPods Pro,P004,575.68,2025-02-09 00:00:00
AirPods Pro,P004,644.01,2025-02-19 00:00:00
AirPods Pro,P004,623.37,2025-02-03 00:00:00
AirPods Pro,P004,649.36,2025-02-12 00:00:00
AirPods Pro,P004,583.28,2025-02-14 00:00:00
AirPods Pro,P004,577.7,2025-03-16 00:00:00
AirPods Pro,P004,629.95,2025-02-25 00:00:00
AirPods Pro,P004,548.17,2025-03-21 00:00:00
AirPods Pro,P004,594.71,2025-01-21 00:00:00
AirPods Pro,P004,556.02,2025-01-26 00:00:00
AirPods Pro,P004,540.93,2025-02-09 00:00:00
AirPods Pro,P004,546.57,2025-01-20 00:00:00
AirPods Pro,P004,584.04,2025-03-23 00:00:00
AirPods Pro,P004,550.56,2025-03-25 00:00:00
AirPods Pro,P004,607.63,2025-03-24 00:00:00
AirPods Pro,P004,622.89,2025-03-08 00:00:00
AirPods Pro,P004,644.24,2025-01-10 00:00:00
AirPods Pro,P004,557.04,2025-01-22 00:00:00
AirPods Pro,P004,582.65,2025-03-17 00:00:00
AirPods Pro,P004,583.6,2025-01-20 00:00:00
Echo Dot,P005,965.51,2025-03-30 00:00:00
Echo Dot,P005,848.06,2025-02-02 00:00:00
Echo Dot,P005,948.11,2025-01-12 00:00:00
Echo Dot,P005,980.55,2025-03-24 00:00:00
Echo Dot,P005,924.55,2025-03-17 00:00:00
Echo Dot,P005,967.6,2025-02-20 00:00:00
Echo Dot,P005,891.12,2025-03-29 00:00:00
Echo Dot,P005,885.99,2025-03-10 00:00:00
Echo Dot,P005,930.27,2025-01-28 00:00:00
Echo Dot,P005,972.57,2025-03-11 00:00:00
Echo Dot,P005,951.88,2025-02-08 00:00:00
Echo Dot,P005,1008.35,2025-01-19 00:00:00
Echo Dot,P005,961.63,2025-03-04 00:00:00
Echo Dot,P005,1022.08,2025-03-02 00:00:00
Echo Dot,P005,894.87,2025-01-11 00:00:00
Echo Dot,P005,903.83,2025-03-20 00:00:00
Echo Dot,P005,936.2,2025-01-10 00:00:00
Echo Dot,P005,995.99,2025-03-26 00:00:00
Echo Dot,P005,942.75,2025-03-27 00:00:00
Echo Dot,P005,983.03,2025-01-09 00:00:00
Echo Dot,P005,931.11,2025-01-24 00:00:00
Echo Dot,P005,895.01,2025-04-02 00:00:00
Echo Dot,P005,957.63,2025-04-01 00:00:00
Echo Dot,P005,920.67,2025-01-31 00:00:00
Echo Dot,P005,993.76,2025-01-08 00:00:00
Echo Dot,P005,958.62,2025-04-04 00:00:00
Echo Dot,P005,949.16,2025-03-25 00:00:00
Echo Dot,P005,1003.86,2025-02-09 00:00:00
Echo Dot,P005,950.1,2025-02-19 00:00:00
Echo Dot,P005,864.65,2025-02-11 00:00:00
Echo Dot,P005,844.69,2025-04-02 00:00:00
Echo Dot,P005,1014.62,2025-03-02 00:00:00
Echo Dot,P005,904.6,2025-03-28 00:00:00
Echo Dot,P005,949.05,2025-03-19 00:00:00
Echo Dot,P005,998.88,2025-02-13 00:00:00
Echo Dot,P005,1000.5,2025-01-09 00:00:00
Echo Dot,P005,849.79,2025-01-12 00:00:00
Echo Dot,P005,936.63,2025-03-19 00:00:00
Echo Dot,P005,886.02,2025-02-04 00:00:00
Echo Dot,P005,865.17,2025-03-14 00:00:00
Echo Dot,P005,977.46,2025-03-16 00:00:00
Echo Dot,P005,975.61,2025-04-06 00:00:00
Echo Dot,P005,841.92,2025-02-18 00:00:00
Echo Dot,P005,974.1,2025-02-14 00:00:00
Echo Dot,P005,864.5,2025-02-12 00:00:00
Echo Dot,P005,844.41,2025-03-12 00:00:00
Echo Dot,P005,860.01,2025-02-19 00:00:00
Echo Dot,P005,906.25,2025-02-10 00:00:00
Echo Dot,P005,877.95,2025-04-05 00:00:00
Echo Dot,P005,1023.73,2025-01-13 00:00:00
Echo Dot,P005,860.48,2025-03-10 00:00:00
Echo Dot,P005,1018.76,2025-04-01 00:00:00
Echo Dot,P005,973.39,2025-01-26 00:00:00
Echo Dot,P005,935.49,2025-02-27 00:00:00
Echo Dot,P005,1009.47,2025-01-08 00:00:00
Echo Dot,P005,950.26,2025-03-05 00:00:00
Echo Dot,P005,947.55,2025-03-12 00:00:00
Echo Dot,P005,916.57,2025-04-06 00:00:00
Echo Dot,P005,887.11,2025-03-14 00:00:00
Echo Dot,P005,903.59,2025-02-25 00:00:00
Echo Dot,P005,855.26,2025-03-09 00:00:00
Echo Dot,P005,902.81,2025-02-12 00:00:00
Echo Dot,P005,959.25,2025-03-15 00:00:00
Echo Dot,P005,999.28,2025-03-04 00:00:00
Echo Dot,P005,984.51,2025-03-13 00:00:00
Echo Dot,P005,870.9,2025-03-23 00:00:00
Echo Dot,P005,890.6,2025-02-19 00:00:00
Echo Dot,P005,873.17,2025-03-08 00:00:00
Echo Dot,P005,899.69,2025-01-10 00:00:00
Echo Dot,P005,910.62,2025-03-15 00:00:00
Echo Dot,P005,997.59,2025-01-15 00:00:00
Echo Dot,P005,867.78,2025-03-07 00:00:00
Echo Dot,P005,927.8,2025-03-03 00:00:00
Echo Dot,P005,879.57,2025-03-19 00:00:00
Echo Dot,P005,893.81,2025-04-03 00:00:00
Echo Dot,P005,908.86,2025-02-28 00:00:00
Echo Dot,P005,1001.51,2025-03-07 00:00:00
Echo Dot,P005,973.9,2025-01-26 00:00:00
Echo Dot,P005,887.36,2025-03-04 00:00:00
Echo Dot,P005,1011.57,2025-03-27 00:00:00
Echo Dot,P005,916.07,2025-03-21 00:00:00
Echo Dot,P005,937.87,2025-02-26 00:00:00
Echo Dot,P005,945.8,2025-01-25 00:00:00
Echo Dot,P005,999.11,2025-02-14 00:00:00
Echo Dot,P005,890.59,2025-03-07 00:00:00
Echo Dot,P005,874.19,2025-02-19 00:00:00
Echo Dot,P005,915.66,2025-02-15 00:00:00
Echo Dot,P005,979.25,2025-03-23 00:00:00
Echo Dot,P005,869.14,2025-01-19 00:00:00
Echo Dot,P005,947.6,2025-03-17 00:00:00
Echo Dot,P005,859.78,2025-03-27 00:00:00
Echo Dot,P005,1011.96,2025-02-10 00:00:00
Echo Dot,P005,845.73,2025-01-17 00:00:00
Echo Dot,P005,844.05,2025-01-25 00:00:00
Echo Dot,P005,922.56,2025-03-14 00:00:00
Echo Dot,P005,867.06,2025-04-02 00:00:00
Echo Dot,P005,939.34,2025-02-08 00:00:00
Echo Dot,P005,920.56,2025-02-01 00:00:00
Echo Dot,P005,864.85,2025-02-24 00:00:00
Echo Dot,P005,855.81,2025-01-13 00:00:00
MacBook Air,P006,1127.75,2025-01-21 00:00:00
MacBook Air,P006,1192.01,2025-02-07 00:00:00
MacBook Air,P006,1085.39,2025-02-24 00:00:00
MacBook Air,P006,1206.37,2025-04-03 00:00:00
MacBook Air,P006,1237.87,2025-02-06 00:00:00
MacBook Air,P006,1089.4,2025-01-16 00:00:00
MacBook Air,P006,1270.63,2025-01-11 00:00:00
MacBook Air,P006,1262.31,2025-02-16 00:00:00
MacBook Air,P006,1132.58,2025-03-12 00:00:00
MacBook Air,P006,1255.73,2025-02-16 00:00:00
MacBook Air,P006,1078.64,2025-04-05 00:00:00
MacBook Air,P006,1238.34,2025-04-07 00:00:00
MacBook Air,P006,1272.65,2025-03-09 00:00:00
MacBook Air,P006,1177.86,2025-03-02 00:00:00
MacBook Air,P006,1265.1,2025-02-16 00:00:00
MacBook Air,P006,1266.54,2025-01-17 00:00:00
MacBook Air,P006,1272.76,2025-01-09 00:00:00
MacBook Air,P006,1208.91,2025-01-17 00:00:00
MacBook Air,P006,1149.82,2025-02-17 00:00:00
MacBook Air,P006,1239.45,2025-04-04 00:00:00
MacBook Air,P006,1240.38,2025-04-03 00:00:00
MacBook Air,P006,1264.35,2025-03-02 00:00:00
MacBook Air,P006,1091.54,2025-03-03 00:00:00
MacBook Air,P006,1114.1,2025-03-02 00:00:00
MacBook Air,P006,1226.08,2025-03-23 00:00:00
MacBook Air,P006,1228.31,2025-03-29 00:00:00
MacBook Air,P006,1223.18,2025-01-16 00:00:00
MacBook Air,P006,1056.42,2025-01-29 00:00:00
MacBook Air,P006,1125.02,2025-03-07 00:00:00
MacBook Air,P006,1063.27,2025-03-27 00:00:00
MacBook Air,P006,1147.5,2025-01-09 00:00:00
MacBook Air,P006,1252.12,2025-02-17 00:00:00
MacBook Air,P006,1086.25,2025-02-09 00:00:00
MacBook Air,P006,1131.4,2025-03-27 00:00:00
MacBook Air,P006,1245.23,2025-03-08 00:00:00
MacBook Air,P006,1230.26,2025-03-10 00:00:00
MacBook Air,P006,1279.51,2025-01-30 00:00:00
MacBook Air,P006,1152.26,2025-03-27 00:00:00
MacBook Air,P006,1262.37,2025-01-07 00:00:00
MacBook Air,P006,1082.44,2025-03-14 00:00:00
MacBook Air,P006,1144.73,2025-02-18 00:00:00
MacBook Air,P006,1208.58,2025-03-22 00:00:00
MacBook Air,P006,1127.14,2025-03-01 00:00:00
MacBook Air,P006,1232.87,2025-01-25 00:00:00
MacBook Air,P006,1195.66,2025-02-13 00:00:00
MacBook Air,P006,1147.83,2025-03-20 00:00:00
MacBook Air,P006,1101.18,2025-02-08 00:00:00
MacBook Air,P006,1120.79,2025-03-20 00:00:00
MacBook Air,P006,1249.94,2025-01-08 00:00:00
MacBook Air,P006,1116.5,2025-02-17 00:00:00
MacBook Air,P006,1223.48,2025-01-24 00:00:00
MacBook Air,P006,1226.71,2025-02-17 00:00:00
MacBook Air,P006,1235.61,2025-01-24 00:00:00
MacBook Air,P006,1086.74,2025-02-25 00:00:00
MacBook Air,P006,1061.69,2025-02-05 00:00:00
MacBook Air,P006,1067.52,2025-02-11 00:00:00
MacBook Air,P006,1270.72,2025-03-12 00:00:00
MacBook Air,P006,1106.07,2025-01-25 00:00:00
MacBook Air,P006,1203.44,2025-04-04 00:00:00
MacBook Air,P006,1074.13,2025-02-23 00:00:00
MacBook Air,P006,1150.71,2025-04-05 00:00:00
MacBook Air,P006,1096.85,2025-01-28 00:00:00
MacBook Air,P006,1212.41,2025-03-12 00:00:00
MacBook Air,P006,1098.34,2025-02-24 00:00:00
MacBook Air,P006,1055.0,2025-02-07 00:00:00
MacBook Air,P006,1063.65,2025-02-20 00:00:00
MacBook Air,P006,1187.25,2025-02-12 00:00:00
MacBook Air,P006,1056.74,2025-01-12 00:00:00
MacBook Air,P006,1171.9,2025-03-12 00:00:00
MacBook Air,P006,1238.11,2025-02-16 00:00:00
MacBook Air,P006,1239.5,2025-02-10 00:00:00
MacBook Air,P006,1176.47,2025-01-13 00:00:00
MacBook Air,P006,1198.16,2025-01-28 00:00:00
MacBook Air,P006,1112.25,2025-03-25 00:00:00
MacBook Air,P006,1069.22,2025-02-18 00:00:00
MacBook Air,P006,1214.84,2025-01-25 00:00:00
MacBook Air,P006,1072.75,2025-03-16 00:00:00
MacBook Air,P006,1269.27,2025-02-24 00:00:00
MacBook Air,P006,1174.2,2025-03-12 00:00:00
MacBook Air,P006,1266.29,2025-03-12 00:00:00
MacBook Air,P006,1169.32,2025-04-06 00:00:00
MacBook Air,P006,1180.06,2025-01-30 00:00:00
MacBook Air,P006,1204.25,2025-02-28 00:00:00
MacBook Air,P006,1066.27,2025-03-04 00:00:00
MacBook Air,P006,1098.04,2025-03-05 00:00:00
MacBook Air,P006,1107.94,2025-02-21 00:00:00
MacBook Air,P006,1070.05,2025-03-06 00:00:00
MacBook Air,P006,1280.3,2025-01-20 00:00:00
MacBook Air,P006,1157.84,2025-02-02 00:00:00
MacBook Air,P006,1201.6,2025-02-27 00:00:00
MacBook Air,P006,1216.05,2025-03-21 00:00:00
MacBook Air,P006,1082.1,2025-02-12 00:00:00
MacBook Air,P006,1116.68,2025-01-11 00:00:00
MacBook Air,P006,1241.02,2025-03-10 00:00:00
MacBook Air,P006,1160.21,2025-01-17 00:00:00
MacBook Air,P006,1282.53,2025-03-13 00:00:00
MacBook Air,P006,1096.43,2025-02-02 00:00:00
MacBook Air,P006,1140.84,2025-03-06 00:00:00
MacBook Air,P006,1231.01,2025-03-08 00:00:00
MacBook Air,P006,1086.06,2025-03-05 00:00:00
Kindle Paperwhite,P007,454.06,2025-01-31 00:00:00
Kindle Paperwhite,P007,526.64,2025-03-11 00:00:00
Kindle Paperwhite,P007,529.31,2025-03-24 00:00:00
Kindle Paperwhite,P007,438.41,2025-02-19 00:00:00
Kindle Paperwhite,P007,458.67,2025-02-12 00:00:00
Kindle Paperwhite,P007,492.31,2025-02-12 00:00:00
Kindle Paperwhite,P007,472.1,2025-03-26 00:00:00
Kindle Paperwhite,P007,468.03,2025-04-01 00:00:00
Kindle Paperwhite,P007,496.7,2025-02-15 00:00:00
Kindle Paperwhite,P007,524.05,2025-03-31 00:00:00
Kindle Paperwhite,P007,448.43,2025-03-25 00:00:00
Kindle Paperwhite,P007,435.02,2025-03-23 00:00:00
Kindle Paperwhite,P007,520.14,2025-01-29 00:00:00
Kindle Paperwhite,P007,498.78,2025-02-23 00:00:00
Kindle Paperwhite,P007,468.64,2025-02-16 00:00:00
Kindle Paperwhite,P007,445.48,2025-03-13 00:00:00
Kindle Paperwhite,P007,457.39,2025-02-11 00:00:00
Kindle Paperwhite,P007,526.95,2025-01-17 00:00:00
Kindle Paperwhite,P007,527.28,2025-04-02 00:00:00
Kindle Paperwhite,P007,464.63,2025-03-22 00:00:00
Kindle Paperwhite,P007,483.95,2025-02-27 00:00:00
Kindle Paperwhite,P007,521.13,2025-02-16 00:00:00
Kindle Paperwhite,P007,521.32,2025-02-06 00:00:00
Kindle Paperwhite,P007,492.97,2025-03-04 00:00:00
Kindle Paperwhite,P007,439.16,2025-03-04 00:00:00
Kindle Paperwhite,P007,510.41,2025-02-05 00:00:00
Kindle Paperwhite,P007,441.73,2025-01-12 00:00:00
Kindle Paperwhite,P007,465.43,2025-03-02 00:00:00
Kindle Paperwhite,P007,463.46,2025-03-20 00:00:00
Kindle Paperwhite,P007,502.21,2025-03-05 00:00:00
Kindle Paperwhite,P007,505.9,2025-02-17 00:00:00
Kindle Paperwhite,P007,440.22,2025-03-25 00:00:00
Kindle Paperwhite,P007,480.83,2025-01-18 00:00:00
Kindle Paperwhite,P007,501.8,2025-03-31 00:00:00
Kindle Paperwhite,P007,517.68,2025-03-07 00:00:00
Kindle Paperwhite,P007,493.41,2025-01-22 00:00:00
Kindle Paperwhite,P007,501.37,2025-04-04 00:00:00
Kindle Paperwhite,P007,504.51,2025-03-08 00:00:00
Kindle Paperwhite,P007,456.2,2025-03-08 00:00:00
Kindle Paperwhite,P007,461.0,2025-01-19 00:00:00
Kindle Paperwhite,P007,504.42,2025-03-03 00:00:00
Kindle Paperwhite,P007,468.1,2025-02-16 00:00:00
Kindle Paperwhite,P007,501.03,2025-02-05 00:00:00
Kindle Paperwhite,P007,451.19,2025-03-23 00:00:00
Kindle Paperwhite,P007,463.36,2025-04-01 00:00:00
Kindle Paperwhite,P007,502.13,2025-04-02 00:00:00
Kindle Paperwhite,P007,516.04,2025-01-23 00:00:00
Kindle Paperwhite,P007,519.56,2025-01-11 00:00:00
Kindle Paperwhite,P007,464.33,2025-01-27 00:00:00
Kindle Paperwhite,P007,474.67,2025-03-03 00:00:00
Kindle Paperwhite,P007,472.53,2025-02-26 00:00:00
Kindle Paperwhite,P007,497.82,2025-04-04 00:00:00
Kindle Paperwhite,P007,470.96,2025-02-23 00:00:00
Kindle Paperwhite,P007,512.95,2025-02-24 00:00:00
Kindle Paperwhite,P007,484.61,2025-03-31 00:00:00
Kindle Paperwhite,P007,497.7,2025-03-22 00:00:00
Kindle Paperwhite,P007,452.25,2025-02-18 00:00:00
Kindle Paperwhite,P007,438.4,2025-02-05 00:00:00
Kindle Paperwhite,P007,505.7,2025-02-13 00:00:00
Kindle Paperwhite,P007,447.2,2025-03-21 00:00:00
Kindle Paperwhite,P007,497.35,2025-03-04 00:00:00
Kindle Paperwhite,P007,459.02,2025-01-09 00:00:00
Kindle Paperwhite,P007,473.9,2025-02-15 00:00:00
Kindle Paperwhite,P007,530.01,2025-03-07 00:00:00
Kindle Paperwhite,P007,484.89,2025-03-22 00:00:00
Kindle Paperwhite,P007,512.58,2025-02-27 00:00:00
Kindle Paperwhite,P007,481.4,2025-04-04 00:00:00
Kindle Paperwhite,P007,476.9,2025-02-10 00:00:00
Kindle Paperwhite,P007,493.95,2025-01-14 00:00:00
Kindle Paperwhite,P007,516.74,2025-01-13 00:00:00
Kindle Paperwhite,P007,441.07,2025-02-04 00:00:00
Kindle Paperwhite,P007,473.07,2025-03-15 00:00:00
Kindle Paperwhite,P007,490.95,2025-04-07 00:00:00
Kindle Paperwhite,P007,506.09,2025-01-19 00:00:00
Kindle Paperwhite,P007,503.34,2025-02-27 00:00:00
Kindle Paperwhite,P007,445.1,2025-01-23 00:00:00
Kindle Paperwhite,P007,529.83,2025-01-15 00:00:00
Kindle Paperwhite,P007,487.58,2025-01-23 00:00:00
Kindle Paperwhite,P007,472.14,2025-03-01 00:00:00
Kindle Paperwhite,P007,445.64,2025-03-08 00:00:00
Kindle Paperwhite,P007,515.22,2025-02-21 00:00:00
Kindle Paperwhite,P007,488.18,2025-03-16 00:00:00
Kindle Paperwhite,P007,465.39,2025-03-10 00:00:00
Kindle Paperwhite,P007,476.15,2025-02-23 00:00:00
Kindle Paperwhite,P007,492.02,2025-03-21 00:00:00
Kindle Paperwhite,P007,471.88,2025-01-18 00:00:00
Kindle Paperwhite,P007,490.92,2025-01-10 00:00:00
Kindle Paperwhite,P007,463.02,2025-02-03 00:00:00
Kindle Paperwhite,P007,523.79,2025-02-17 00:00:00
Kindle Paperwhite,P007,489.95,2025-02-02 00:00:00
Kindle Paperwhite,P007,469.51,2025-02-28 00:00:00
Kindle Paperwhite,P007,521.44,2025-02-16 00:00:00
Kindle Paperwhite,P007,528.85,2025-02-17 00:00:00
Kindle Paperwhite,P007,498.34,2025-03-03 00:00:00
Kindle Paperwhite,P007,482.22,2025-02-03 00:00:00
Kindle Paperwhite,P007,492.01,2025-03-14 00:00:00
Kindle Paperwhite,P007,447.53,2025-04-01 00:00:00
Kindle Paperwhite,P007,447.7,2025-03-10 00:00:00
Kindle Paperwhite,P007,477.94,2025-03-05 00:00:00
Kindle Paperwhite,P007,509.4,2025-03-30 00:00:00
Samsung Galaxy S24,P008,728.71,2025-02-01 00:00:00
Samsung Galaxy S24,P008,620.74,2025-03-29 00:00:00
Samsung Galaxy S24,P008,668.44,2025-04-03 00:00:00
Samsung Galaxy S24,P008,704.0,2025-03-28 00:00:00
Samsung Galaxy S24,P008,672.77,2025-01-26 00:00:00
Samsung Galaxy S24,P008,692.33,2025-03-22 00:00:00
Samsung Galaxy S24,P008,699.46,2025-03-18 00:00:00
Samsung Galaxy S24,P008,709.33,2025-01-29 00:00:00
Samsung Galaxy S24,P008,734.41,2025-03-18 00:00:00
Samsung Galaxy S24,P008,643.3,2025-03-31 00:00:00
Samsung Galaxy S24,P008,681.25,2025-01-08 00:00:00
Samsung Galaxy S24,P008,735.24,2025-03-05 00:00:00
Samsung Galaxy S24,P008,615.97,2025-01-31 00:00:00
Samsung Galaxy S24,P008,717.17,2025-02-25 00:00:00
Samsung Galaxy S24,P008,681.11,2025-03-25 00:00:00
Samsung Galaxy S24,P008,618.46,2025-04-05 00:00:00
Samsung Galaxy S24,P008,716.46,2025-01-18 00:00:00
Samsung Galaxy S24,P008,742.09,2025-01-21 00:00:00
Samsung Galaxy S24,P008,739.09,2025-04-02 00:00:00
Samsung Galaxy S24,P008,686.98,2025-03-15 00:00:00
Samsung Galaxy S24,P008,734.35,2025-03-04 00:00:00
Samsung Galaxy S24,P008,680.32,2025-04-06 00:00:00
Samsung Galaxy S24,P008,698.45,2025-02-17 00:00:00
Samsung Galaxy S24,P008,728.36,2025-01-31 00:00:00
Samsung Galaxy S24,P008,741.71,2025-02-02 00:00:00
Samsung Galaxy S24,P008,744.39,2025-02-06 00:00:00
Samsung Galaxy S24,P008,710.1,2025-04-01 00:00:00
Samsung Galaxy S24,P008,686.49,2025-02-28 00:00:00
Samsung Galaxy S24,P008,717.32,2025-03-12 00:00:00
Samsung Galaxy S24,P008,680.49,2025-03-27 00:00:00
Samsung Galaxy S24,P008,626.6,2025-03-19 00:00:00
Samsung Galaxy S24,P008,700.22,2025-03-18 00:00:00
Samsung Galaxy S24,P008,728.01,2025-02-14 00:00:00
Samsung Galaxy S24,P008,676.03,2025-03-03 00:00:00
Samsung Galaxy S24,P008,618.61,2025-02-28 00:00:00
Samsung Galaxy S24,P008,730.37,2025-03-10 00:00:00
Samsung Galaxy S24,P008,724.2,2025-03-12 00:00:00
Samsung Galaxy S24,P008,720.79,2025-02-05 00:00:00
Samsung Galaxy S24,P008,666.01,2025-03-01 00:00:00
Samsung Galaxy S24,P008,746.61,2025-02-23 00:00:00
Samsung Galaxy S24,P008,700.06,2025-01-14 00:00:00
Samsung Galaxy S24,P008,701.35,2025-03-18 00:00:00
Samsung Galaxy S24,P008,733.92,2025-01-13 00:00:00
Samsung Galaxy S24,P008,744.47,2025-03-30 00:00:00
Samsung Galaxy S24,P008,691.81,2025-02-07 00:00:00
Samsung Galaxy S24,P008,646.57,2025-03-27 00:00:00
Samsung Galaxy S24,P008,708.61,2025-03-12 00:00:00
Samsung Galaxy S24,P008,652.8,2025-02-07 00:00:00
Samsung Galaxy S24,P008,741.28,2025-03-03 00:00:00
Samsung Galaxy S24,P008,698.02,2025-03-24 00:00:00
Samsung Galaxy S24,P008,661.67,2025-02-23 00:00:00
Samsung Galaxy S24,P008,706.18,2025-01-29 00:00:00
Samsung Galaxy S24,P008,648.93,2025-02-08 00:00:00
Samsung Galaxy S24,P008,652.39,2025-01-19 00:00:00
Samsung Galaxy S24,P008,636.63,2025-01-18 00:00:00
Samsung Galaxy S24,P008,691.65,2025-04-04 00:00:00
Samsung Galaxy S24,P008,707.18,2025-01-19 00:00:00
Samsung Galaxy S24,P008,748.07,2025-03-26 00:00:00
Samsung Galaxy S24,P008,651.39,2025-03-02 00:00:00
Samsung Galaxy S24,P008,700.66,2025-01-13 00:00:00
Samsung Galaxy S24,P008,724.94,2025-01-23 00:00:00
Samsung Galaxy S24,P008,669.6,2025-03-26 00:00:00
Samsung Galaxy S24,P008,684.83,2025-01-13 00:00:00
Samsung Galaxy S24,P008,748.73,2025-02-10 00:00:00
Samsung Galaxy S24,P008,673.52,2025-01-10 00:00:00
Samsung Galaxy S24,P008,722.92,2025-02-20 00:00:00
Samsung Galaxy S24,P008,702.39,2025-02-06 00:00:00
Samsung Galaxy S24,P008,656.97,2025-03-22 00:00:00
Samsung Galaxy S24,P008,620.57,2025-04-05 00:00:00
Samsung Galaxy S24,P008,639.05,2025-01-30 00:00:00
Samsung Galaxy S24,P008,706.54,2025-03-07 00:00:00
Samsung Galaxy S24,P008,639.89,2025-02-24 00:00:00
Samsung Galaxy S24,P008,687.45,2025-04-07 00:00:00
Samsung Galaxy S24,P008,654.89,2025-01-24 00:00:00
Samsung Galaxy S24,P008,741.11,2025-01-07 00:00:00
Samsung Galaxy S24,P008,655.64,2025-01-25 00:00:00
Samsung Galaxy S24,P008,643.52,2025-01-26 00:00:00
Samsung Galaxy S24,P008,613.79,2025-03-27 00:00:00
Samsung Galaxy S24,P008,636.41,2025-02-13 00:00:00
Samsung Galaxy S24,P008,686.48,2025-03-23 00:00:00
Samsung Galaxy S24,P008,744.38,2025-01-27 00:00:00
Samsung Galaxy S24,P008,715.27,2025-01-16 00:00:00
Samsung Galaxy S24,P008,699.64,2025-03-29 00:00:00
Samsung Galaxy S24,P008,735.7,2025-03-08 00:00:00
Samsung Galaxy S24,P008,745.34,2025-02-14 00:00:00
Samsung Galaxy S24,P008,703.67,2025-03-31 00:00:00
Samsung Galaxy S24,P008,618.69,2025-02-28 00:00:00
Samsung Galaxy S24,P008,680.7,2025-02-20 00:00:00
Samsung Galaxy S24,P008,616.42,2025-03-29 00:00:00
Samsung Galaxy S24,P008,747.17,2025-02-13 00:00:00
Samsung Galaxy S24,P008,669.3,2025-01-26 00:00:00
Samsung Galaxy S24,P008,645.18,2025-02-01 00:00:00
Samsung Galaxy S24,P008,614.66,2025-03-04 00:00:00
Samsung Galaxy S24,P008,635.81,2025-01-16 00:00:00
Samsung Galaxy S24,P008,688.74,2025-03-20 00:00:00
Samsung Galaxy S24,P008,652.09,2025-02-25 00:00:00
Samsung Galaxy S24,P008,637.69,2025-01-16 00:00:00
Samsung Galaxy S24,P008,698.87,2025-02-20 00:00:00
Samsung Galaxy S24,P008,629.57,2025-03-19 00:00:00
Samsung Galaxy S24,P008,734.08,2025-02-04 00:00:00
GoPro Hero 12,P009,316.17,2025-02-15 00:00:00
GoPro Hero 12,P009,298.23,2025-01-22 00:00:00
GoPro Hero 12,P009,268.74,2025-03-01 00:00:00
GoPro Hero 12,P009,274.22,2025-02-13 00:00:00
GoPro Hero 12,P009,278.37,2025-01-30 00:00:00
GoPro Hero 12,P009,286.74,2025-03-06 00:00:00
GoPro Hero 12,P009,262.17,2025-03-30 00:00:00
GoPro Hero 12,P009,269.73,2025-03-27 00:00:00
GoPro Hero 12,P009,262.5,2025-02-03 00:00:00
GoPro Hero 12,P009,279.07,2025-03-22 00:00:00
GoPro Hero 12,P009,284.4,2025-03-12 00:00:00
GoPro Hero 12,P009,295.58,2025-01-13 00:00:00
GoPro Hero 12,P009,260.76,2025-02-07 00:00:00
GoPro Hero 12,P009,294.07,2025-02-27 00:00:00
GoPro Hero 12,P009,269.98,2025-01-13 00:00:00
GoPro Hero 12,P009,312.29,2025-02-12 00:00:00
GoPro Hero 12,P009,304.58,2025-01-14 00:00:00
GoPro Hero 12,P009,309.92,2025-03-24 00:00:00
GoPro Hero 12,P009,272.48,2025-03-08 00:00:00
GoPro Hero 12,P009,305.92,2025-01-07 00:00:00
GoPro Hero 12,P009,309.04,2025-02-14 00:00:00
GoPro Hero 12,P009,281.03,2025-04-02 00:00:00
GoPro Hero 12,P009,317.57,2025-02-26 00:00:00
GoPro Hero 12,P009,283.41,2025-03-28 00:00:00
GoPro Hero 12,P009,316.82,2025-02-08 00:00:00
GoPro Hero 12,P009,315.71,2025-01-25 00:00:00
GoPro Hero 12,P009,274.05,2025-01-27 00:00:00
GoPro Hero 12,P009,307.58,2025-03-27 00:00:00
GoPro Hero 12,P009,297.83,2025-03-20 00:00:00
GoPro Hero 12,P009,314.04,2025-01-29 00:00:00
GoPro Hero 12,P009,307.28,2025-02-25 00:00:00
GoPro Hero 12,P009,265.0,2025-01-09 00:00:00
GoPro Hero 12,P009,315.58,2025-04-07 00:00:00
GoPro Hero 12,P009,297.17,2025-02-28 00:00:00
GoPro Hero 12,P009,272.04,2025-03-24 00:00:00
GoPro Hero 12,P009,301.42,2025-03-24 00:00:00
GoPro Hero 12,P009,268.91,2025-02-15 00:00:00
GoPro Hero 12,P009,312.93,2025-01-08 00:00:00
GoPro Hero 12,P009,292.83,2025-01-10 00:00:00
GoPro Hero 12,P009,310.81,2025-03-28 00:00:00
GoPro Hero 12,P009,297.84,2025-03-20 00:00:00
GoPro Hero 12,P009,287.16,2025-02-08 00:00:00
GoPro Hero 12,P009,284.17,2025-01-28 00:00:00
GoPro Hero 12,P009,262.62,2025-03-03 00:00:00
GoPro Hero 12,P009,311.21,2025-01-29 00:00:00
GoPro Hero 12,P009,297.65,2025-02-03 00:00:00
GoPro Hero 12,P009,311.53,2025-04-04 00:00:00
GoPro Hero 12,P009,298.17,2025-01-21 00:00:00
GoPro Hero 12,P009,275.61,2025-01-15 00:00:00
GoPro Hero 12,P009,299.23,2025-02-05 00:00:00
GoPro Hero 12,P009,284.8,2025-03-21 00:00:00
GoPro Hero 12,P009,317.9,2025-01-12 00:00:00
GoPro Hero 12,P009,303.06,2025-02-13 00:00:00
GoPro Hero 12,P009,302.2,2025-01-25 00:00:00
GoPro Hero 12,P009,303.18,2025-03-05 00:00:00
GoPro Hero 12,P009,310.78,2025-02-20 00:00:00
GoPro Hero 12,P009,264.43,2025-02-11 00:00:00
GoPro Hero 12,P009,318.45,2025-01-22 00:00:00
GoPro Hero 12,P009,270.7,2025-01-22 00:00:00
GoPro Hero 12,P009,288.54,2025-03-13 00:00:00
GoPro Hero 12,P009,264.6,2025-03-26 00:00:00
GoPro Hero 12,P009,303.85,2025-01-16 00:00:00
GoPro Hero 12,P009,270.84,2025-03-20 00:00:00
GoPro Hero 12,P009,267.3,2025-02-13 00:00:00
GoPro Hero 12,P009,281.8,2025-01-22 00:00:00
GoPro Hero 12,P009,287.33,2025-04-06 00:00:00
GoPro Hero 12,P009,288.67,2025-02-24 00:00:00
GoPro Hero 12,P009,281.64,2025-02-09 00:00:00
GoPro Hero 12,P009,271.65,2025-01-15 00:00:00
GoPro Hero 12,P009,305.37,2025-03-22 00:00:00
GoPro Hero 12,P009,271.88,2025-02-13 00:00:00
GoPro Hero 12,P009,274.24,2025-02-08 00:00:00
GoPro Hero 12,P009,311.36,2025-02-24 00:00:00
GoPro Hero 12,P009,284.14,2025-01-17 00:00:00
GoPro Hero 12,P009,309.1,2025-02-10 00:00:00
GoPro Hero 12,P009,307.54,2025-03-21 00:00:00
GoPro Hero 12,P009,276.18,2025-02-24 00:00:00
GoPro Hero 12,P009,268.77,2025-01-26 00:00:00
GoPro Hero 12,P009,287.4,2025-03-22 00:00:00
GoPro Hero 12,P009,291.23,2025-03-12 00:00:00
GoPro Hero 12,P009,261.83,2025-01-17 00:00:00
GoPro Hero 12,P009,306.27,2025-03-18 00:00:00
GoPro Hero 12,P009,264.03,2025-02-14 00:00:00
GoPro Hero 12,P009,279.19,2025-02-11 00:00:00
GoPro Hero 12,P009,286.4,2025-03-14 00:00:00
GoPro Hero 12,P009,275.05,2025-02-02 00:00:00
GoPro Hero 12,P009,262.0,2025-02-23 00:00:00
GoPro Hero 12,P009,268.51,2025-03-24 00:00:00
GoPro Hero 12,P009,301.78,2025-01-22 00:00:00
GoPro Hero 12,P009,283.16,2025-02-09 00:00:00
GoPro Hero 12,P009,317.23,2025-03-18 00:00:00
GoPro Hero 12,P009,273.93,2025-03-07 00:00:00
GoPro Hero 12,P009,269.83,2025-03-12 00:00:00
GoPro Hero 12,P009,316.71,2025-01-14 00:00:00
GoPro Hero 12,P009,262.55,2025-02-27 00:00:00
GoPro Hero 12,P009,296.22,2025-01-13 00:00:00
GoPro Hero 12,P009,266.44,2025-01-30 00:00:00
GoPro Hero 12,P009,290.62,2025-01-29 00:00:00
GoPro Hero 12,P009,282.79,2025-03-09 00:00:00
GoPro Hero 12,P009,276.63,2025-03-21 00:00:00
Roomba i7,P010,496.2,2025-01-28 00:00:00
Roomba i7,P010,504.95,2025-01-11 00:00:00
Roomba i7,P010,418.11,2025-02-18 00:00:00
Roomba i7,P010,463.5,2025-02-19 00:00:00
Roomba i7,P010,497.2,2025-02-05 00:00:00
Roomba i7,P010,465.64,2025-01-20 00:00:00
Roomba i7,P010,426.02,2025-01-07 00:00:00
Roomba i7,P010,419.64,2025-04-05 00:00:00
Roomba i7,P010,469.52,2025-03-03 00:00:00
Roomba i7,P010,479.03,2025-02-24 00:00:00
Roomba i7,P010,428.28,2025-01-25 00:00:00
Roomba i7,P010,420.5,2025-03-12 00:00:00
Roomba i7,P010,464.94,2025-03-08 00:00:00
Roomba i7,P010,483.81,2025-01-31 00:00:00
Roomba i7,P010,466.97,2025-03-27 00:00:00
Roomba i7,P010,507.36,2025-01-24 00:00:00
Roomba i7,P010,445.01,2025-03-25 00:00:00
Roomba i7,P010,505.02,2025-03-01 00:00:00
Roomba i7,P010,446.13,2025-01-14 00:00:00
Roomba i7,P010,443.29,2025-03-23 00:00:00
Roomba i7,P010,465.72,2025-01-31 00:00:00
Roomba i7,P010,432.24,2025-01-13 00:00:00
Roomba i7,P010,429.83,2025-01-17 00:00:00
Roomba i7,P010,430.07,2025-02-08 00:00:00
Roomba i7,P010,473.03,2025-01-18 00:00:00
Roomba i7,P010,451.96,2025-01-18 00:00:00
Roomba i7,P010,450.97,2025-03-16 00:00:00
Roomba i7,P010,455.48,2025-04-04 00:00:00
Roomba i7,P010,468.34,2025-02-22 00:00:00
Roomba i7,P010,497.61,2025-03-31 00:00:00
Roomba i7,P010,501.43,2025-03-27 00:00:00
Roomba i7,P010,482.88,2025-02-27 00:00:00
Roomba i7,P010,430.41,2025-02-26 00:00:00
Roomba i7,P010,466.45,2025-03-10 00:00:00
Roomba i7,P010,437.32,2025-03-28 00:00:00
Roomba i7,P010,467.1,2025-03-17 00:00:00
Roomba i7,P010,483.14,2025-03-15 00:00:00
Roomba i7,P010,473.56,2025-03-13 00:00:00
Roomba i7,P010,497.38,2025-02-27 00:00:00
Roomba i7,P010,420.47,2025-02-26 00:00:00
Roomba i7,P010,451.96,2025-03-17 00:00:00
Roomba i7,P010,450.69,2025-03-12 00:00:00
Roomba i7,P010,461.91,2025-04-07 00:00:00
Roomba i7,P010,475.81,2025-01-11 00:00:00
Roomba i7,P010,445.92,2025-03-04 00:00:00
Roomba i7,P010,484.2,2025-03-16 00:00:00
Roomba i7,P010,464.87,2025-03-31 00:00:00
Roomba i7,P010,464.8,2025-02-03 00:00:00
Roomba i7,P010,471.47,2025-03-24 00:00:00
Roomba i7,P010,470.56,2025-03-03 00:00:00
Roomba i7,P010,482.8,2025-02-28 00:00:00
Roomba i7,P010,489.11,2025-01-12 00:00:00
Roomba i7,P010,475.82,2025-03-16 00:00:00
Roomba i7,P010,424.41,2025-01-17 00:00:00
Roomba i7,P010,431.18,2025-03-22 00:00:00
Roomba i7,P010,492.72,2025-02-21 00:00:00
Roomba i7,P010,474.73,2025-04-05 00:00:00
Roomba i7,P010,501.85,2025-03-10 00:00:00
Roomba i7,P010,499.69,2025-02-20 00:00:00
Roomba i7,P010,465.68,2025-02-07 00:00:00
Roomba i7,P010,482.0,2025-01-31 00:00:00
Roomba i7,P010,503.85,2025-03-09 00:00:00
Roomba i7,P010,420.76,2025-04-04 00:00:00
Roomba i7,P010,497.28,2025-01-27 00:00:00
Roomba i7,P010,448.96,2025-01-26 00:00:00
Roomba i7,P010,467.97,2025-01-23 00:00:00
Roomba i7,P010,487.01,2025-02-12 00:00:00
Roomba i7,P010,425.56,2025-01-16 00:00:00
Roomba i7,P010,449.35,2025-01-26 00:00:00
Roomba i7,P010,500.34,2025-03-31 00:00:00
Roomba i7,P010,487.43,2025-01-26 00:00:00
Roomba i7,P010,429.87,2025-03-16 00:00:00
Roomba i7,P010,470.86,2025-01-29 00:00:00
Roomba i7,P010,487.07,2025-03-25 00:00:00
Roomba i7,P010,500.11,2025-02-04 00:00:00
Roomba i7,P010,470.93,2025-02-03 00:00:00
Roomba i7,P010,455.27,2025-04-04 00:00:00
Roomba i7,P010,426.97,2025-01-18 00:00:00
Roomba i7,P010,455.08,2025-02-03 00:00:00
Roomba i7,P010,478.77,2025-03-30 00:00:00
Roomba i7,P010,442.95,2025-02-02 00:00:00
Roomba i7,P010,465.56,2025-03-29 00:00:00
Roomba i7,P010,474.35,2025-02-26 00:00:00
Roomba i7,P010,502.36,2025-02-12 00:00:00
Roomba i7,P010,454.28,2025-02-08 00:00:00
Roomba i7,P010,487.39,2025-01-13 00:00:00
Roomba i7,P010,466.13,2025-01-14 00:00:00
Roomba i7,P010,430.14,2025-02-02 00:00:00
Roomba i7,P010,468.8,2025-03-27 00:00:00
Roomba i7,P010,494.85,2025-02-10 00:00:00
Roomba i7,P010,498.2,2025-03-07 00:00:00
Roomba i7,P010,447.35,2025-03-23 00:00:00
Roomba i7,P010,476.56,2025-03-27 00:00:00
Roomba i7,P010,416.11,2025-04-02 00:00:00
Roomba i7,P010,418.76,2025-03-12 00:00:00
Roomba i7,P010,421.75,2025-03-18 00:00:00
Roomba i7,P010,477.81,2025-01-15 00:00:00
Roomba i7,P010,503.35,2025-01-09 00:00:00
Roomba i7,P010,457.04,2025-03-28 00:00:00
Roomba i7,P010,499.08,2025-02-05 00:00:00
Fire TV Stick,P011,714.71,2025-03-21 00:00:00
Fire TV Stick,P011,663.66,2025-02-05 00:00:00
Fire TV Stick,P011,710.32,2025-01-31 00:00:00
Fire TV Stick,P011,717.85,2025-02-03 00:00:00
Fire TV Stick,P011,655.37,2025-03-04 00:00:00
Fire TV Stick,P011,679.57,2025-02-08 00:00:00
Fire TV Stick,P011,660.59,2025-04-06 00:00:00
Fire TV Stick,P011,732.69,2025-01-20 00:00:00
Fire TV Stick,P011,706.61,2025-03-21 00:00:00
Fire TV Stick,P011,714.2,2025-04-05 00:00:00
Fire TV Stick,P011,658.46,2025-03-22 00:00:00
Fire TV Stick,P011,710.59,2025-02-20 00:00:00
Fire TV Stick,P011,693.29,2025-01-25 00:00:00
Fire TV Stick,P011,691.67,2025-02-05 00:00:00
Fire TV Stick,P011,765.42,2025-01-21 00:00:00
Fire TV Stick,P011,666.62,2025-04-06 00:00:00
Fire TV Stick,P011,725.14,2025-01-12 00:00:00
Fire TV Stick,P011,683.85,2025-01-28 00:00:00
Fire TV Stick,P011,774.46,2025-01-13 00:00:00
Fire TV Stick,P011,791.16,2025-03-23 00:00:00
Fire TV Stick,P011,722.43,2025-01-23 00:00:00
Fire TV Stick,P011,771.05,2025-02-06 00:00:00
Fire TV Stick,P011,698.36,2025-01-11 00:00:00
Fire TV Stick,P011,784.66,2025-02-27 00:00:00
Fire TV Stick,P011,796.73,2025-01-20 00:00:00
Fire TV Stick,P011,722.01,2025-02-17 00:00:00
Fire TV Stick,P011,705.72,2025-03-24 00:00:00
Fire TV Stick,P011,700.23,2025-01-20 00:00:00
Fire TV Stick,P011,770.81,2025-03-13 00:00:00
Fire TV Stick,P011,712.71,2025-01-08 00:00:00
Fire TV Stick,P011,786.54,2025-01-12 00:00:00
Fire TV Stick,P011,771.36,2025-01-19 00:00:00
Fire TV Stick,P011,677.29,2025-01-22 00:00:00
Fire TV Stick,P011,759.09,2025-01-12 00:00:00
Fire TV Stick,P011,671.19,2025-02-09 00:00:00
Fire TV Stick,P011,797.85,2025-03-23 00:00:00
Fire TV Stick,P011,725.41,2025-03-24 00:00:00
Fire TV Stick,P011,717.56,2025-01-29 00:00:00
Fire TV Stick,P011,795.81,2025-02-17 00:00:00
Fire TV Stick,P011,673.35,2025-01-15 00:00:00
Fire TV Stick,P011,759.36,2025-03-25 00:00:00
Fire TV Stick,P011,713.0,2025-01-14 00:00:00
Fire TV Stick,P011,709.18,2025-02-10 00:00:00
Fire TV Stick,P011,737.19,2025-03-04 00:00:00
Fire TV Stick,P011,751.6,2025-03-03 00:00:00
Fire TV Stick,P011,725.92,2025-04-02 00:00:00
Fire TV Stick,P011,698.01,2025-02-17 00:00:00
Fire TV Stick,P011,793.37,2025-03-08 00:00:00
Fire TV Stick,P011,710.87,2025-03-25 00:00:00
Fire TV Stick,P011,713.47,2025-03-19 00:00:00
Fire TV Stick,P011,698.05,2025-02-27 00:00:00
Fire TV Stick,P011,671.37,2025-01-10 00:00:00
Fire TV Stick,P011,679.38,2025-02-06 00:00:00
Fire TV Stick,P011,697.26,2025-02-14 00:00:00
Fire TV Stick,P011,769.89,2025-02-04 00:00:00
Fire TV Stick,P011,658.38,2025-01-07 00:00:00
Fire TV Stick,P011,663.13,2025-01-20 00:00:00
Fire TV Stick,P011,799.0,2025-01-17 00:00:00
Fire TV Stick,P011,759.33,2025-03-27 00:00:00
Fire TV Stick,P011,795.3,2025-02-17 00:00:00
Fire TV Stick,P011,785.9,2025-03-17 00:00:00
Fire TV Stick,P011,763.19,2025-04-07 00:00:00
Fire TV Stick,P011,769.49,2025-02-13 00:00:00
Fire TV Stick,P011,685.19,2025-03-10 00:00:00
Fire TV Stick,P011,689.49,2025-03-02 00:00:00
Fire TV Stick,P011,760.68,2025-02-28 00:00:00
Fire TV Stick,P011,698.38,2025-03-09 00:00:00
Fire TV Stick,P011,742.45,2025-04-04 00:00:00
Fire TV Stick,P011,721.26,2025-03-02 00:00:00
Fire TV Stick,P011,726.25,2025-04-06 00:00:00
Fire TV Stick,P011,773.27,2025-02-26 00:00:00
Fire TV Stick,P011,761.97,2025-02-13 00:00:00
Fire TV Stick,P011,765.57,2025-02-17 00:00:00
Fire TV Stick,P011,670.36,2025-01-16 00:00:00
Fire TV Stick,P011,770.62,2025-03-19 00:00:00
Fire TV Stick,P011,758.1,2025-03-05 00:00:00
Fire TV Stick,P011,763.34,2025-03-23 00:00:00
Fire TV Stick,P011,735.21,2025-02-05 00:00:00
Fire TV Stick,P011,702.04,2025-03-31 00:00:00
Fire TV Stick,P011,746.53,2025-02-13 00:00:00
Fire TV Stick,P011,674.65,2025-02-24 00:00:00
Fire TV Stick,P011,730.53,2025-02-17 00:00:00
Fire TV Stick,P011,679.16,2025-02-06 00:00:00
Fire TV Stick,P011,659.99,2025-01-30 00:00:00
Fire TV Stick,P011,741.88,2025-01-08 00:00:00
Fire TV Stick,P011,694.93,2025-02-22 00:00:00
Fire TV Stick,P011,674.7,2025-01-22 00:00:00
Fire TV Stick,P011,716.76,2025-02-23 00:00:00
Fire TV Stick,P011,759.42,2025-01-22 00:00:00
Fire TV Stick,P011,770.85,2025-04-03 00:00:00
Fire TV Stick,P011,755.47,2025-02-03 00:00:00
Fire TV Stick,P011,793.75,2025-02-10 00:00:00
Fire TV Stick,P011,734.19,2025-04-03 00:00:00
Fire TV Stick,P011,722.98,2025-02-23 00:00:00
Fire TV Stick,P011,739.09,2025-02-03 00:00:00
Fire TV Stick,P011,772.5,2025-02-08 00:00:00
Fire TV Stick,P011,662.93,2025-01-20 00:00:00
Fire TV Stick,P011,736.19,2025-02-07 00:00:00
Fire TV Stick,P011,706.43,2025-02-27 00:00:00
Fire TV Stick,P011,669.62,2025-01-08 00:00:00
Apple Watch Series 9,P012,1214.87,2025-01-12 00:00:00
Apple Watch Series 9,P012,1098.62,2025-02-20 00:00:00
Apple Watch Series 9,P012,1142.65,2025-03-20 00:00:00
Apple Watch Series 9,P012,1163.02,2025-03-20 00:00:00
Apple Watch Series 9,P012,1039.36,2025-02-01 00:00:00
Apple Watch Series 9,P012,1120.07,2025-02-16 00:00:00
Apple Watch Series 9,P012,1030.12,2025-01-30 00:00:00
Apple Watch Series 9,P012,1169.23,2025-01-10 00:00:00
Apple Watch Series 9,P012,1245.24,2025-01-09 00:00:00
Apple Watch Series 9,P012,1119.61,2025-03-01 00:00:00
Apple Watch Series 9,P012,1219.02,2025-01-23 00:00:00
Apple Watch Series 9,P012,1111.06,2025-01-27 00:00:00
Apple Watch Series 9,P012,1069.93,2025-01-18 00:00:00
Apple Watch Series 9,P012,1214.86,2025-03-16 00:00:00
Apple Watch Series 9,P012,1234.85,2025-02-13 00:00:00
Apple Watch Series 9,P012,1204.96,2025-01-22 00:00:00
Apple Watch Series 9,P012,1027.74,2025-01-12 00:00:00
Apple Watch Series 9,P012,1088.51,2025-01-15 00:00:00
Apple Watch Series 9,P012,1163.34,2025-03-20 00:00:00
Apple Watch Series 9,P012,1180.95,2025-04-04 00:00:00
Apple Watch Series 9,P012,1213.57,2025-03-18 00:00:00
Apple Watch Series 9,P012,1238.43,2025-03-19 00:00:00
Apple Watch Series 9,P012,1214.79,2025-03-20 00:00:00
Apple Watch Series 9,P012,1104.29,2025-03-24 00:00:00
Apple Watch Series 9,P012,1230.4,2025-03-19 00:00:00
Apple Watch Series 9,P012,1175.64,2025-03-10 00:00:00
Apple Watch Series 9,P012,1139.77,2025-01-31 00:00:00
Apple Watch Series 9,P012,1075.52,2025-03-22 00:00:00
Apple Watch Series 9,P012,1083.74,2025-01-11 00:00:00
Apple Watch Series 9,P012,1221.85,2025-02-02 00:00:00
Apple Watch Series 9,P012,1103.8,2025-02-28 00:00:00
Apple Watch Series 9,P012,1103.29,2025-02-08 00:00:00
Apple Watch Series 9,P012,1137.57,2025-04-04 00:00:00
Apple Watch Series 9,P012,1243.63,2025-02-08 00:00:00
Apple Watch Series 9,P012,1150.36,2025-03-21 00:00:00
Apple Watch Series 9,P012,1202.79,2025-03-26 00:00:00
Apple Watch Series 9,P012,1159.01,2025-01-31 00:00:00
Apple Watch Series 9,P012,1157.57,2025-03-24 00:00:00
Apple Watch Series 9,P012,1205.15,2025-02-19 00:00:00
Apple Watch Series 9,P012,1082.43,2025-03-25 00:00:00
Apple Watch Series 9,P012,1102.84,2025-02-07 00:00:00
Apple Watch Series 9,P012,1237.43,2025-01-25 00:00:00
Apple Watch Series 9,P012,1046.47,2025-02-02 00:00:00
Apple Watch Series 9,P012,1090.41,2025-02-20 00:00:00
Apple Watch Series 9,P012,1081.06,2025-01-17 00:00:00
Apple Watch Series 9,P012,1210.96,2025-01-28 00:00:00
Apple Watch Series 9,P012,1036.21,2025-04-02 00:00:00
Apple Watch Series 9,P012,1033.37,2025-03-25 00:00:00
Apple Watch Series 9,P012,1066.81,2025-03-17 00:00:00
Apple Watch Series 9,P012,1037.9,2025-02-14 00:00:00
Apple Watch Series 9,P012,1213.3,2025-04-05 00:00:00
Apple Watch Series 9,P012,1201.6,2025-03-26 00:00:00
Apple Watch Series 9,P012,1111.5,2025-01-12 00:00:00
Apple Watch Series 9,P012,1078.38,2025-01-25 00:00:00
Apple Watch Series 9,P012,1087.86,2025-02-08 00:00:00
Apple Watch Series 9,P012,1080.08,2025-01-28 00:00:00
Apple Watch Series 9,P012,1250.93,2025-04-03 00:00:00
Apple Watch Series 9,P012,1139.63,2025-03-21 00:00:00
Apple Watch Series 9,P012,1158.6,2025-02-21 00:00:00
Apple Watch Series 9,P012,1144.7,2025-01-14 00:00:00
Apple Watch Series 9,P012,1206.59,2025-03-09 00:00:00
Apple Watch Series 9,P012,1112.69,2025-02-17 00:00:00
Apple Watch Series 9,P012,1148.06,2025-03-30 00:00:00
Apple Watch Series 9,P012,1068.26,2025-02-19 00:00:00
Apple Watch Series 9,P012,1099.81,2025-01-18 00:00:00
Apple Watch Series 9,P012,1113.69,2025-03-01 00:00:00
Apple Watch Series 9,P012,1177.04,2025-01-24 00:00:00
Apple Watch Series 9,P012,1156.35,2025-01-30 00:00:00
Apple Watch Series 9,P012,1023.93,2025-03-26 00:00:00
Apple Watch Series 9,P012,1186.78,2025-03-17 00:00:00
Apple Watch Series 9,P012,1235.78,2025-02-10 00:00:00
Apple Watch Series 9,P012,1216.21,2025-03-10 00:00:00
Apple Watch Series 9,P012,1213.54,2025-04-01 00:00:00
Apple Watch Series 9,P012,1090.71,2025-03-21 00:00:00
Apple Watch Series 9,P012,1238.38,2025-01-25 00:00:00
Apple Watch Series 9,P012,1226.48,2025-03-06 00:00:00
Apple Watch Series 9,P012,1114.25,2025-03-23 00:00:00
Apple Watch Series 9,P012,1228.82,2025-01-23 00:00:00
Apple Watch Series 9,P012,1187.78,2025-03-09 00:00:00
Apple Watch Series 9,P012,1064.87,2025-02-23 00:00:00
Apple Watch Series 9,P012,1185.13,2025-03-25 00:00:00
Apple Watch Series 9,P012,1184.76,2025-02-05 00:00:00
Apple Watch Series 9,P012,1081.51,2025-04-04 00:00:00
Apple Watch Series 9,P012,1177.84,2025-02-09 00:00:00
Apple Watch Series 9,P012,1146.29,2025-01-13 00:00:00
Apple Watch Series 9,P012,1053.37,2025-01-20 00:00:00
Apple Watch Series 9,P012,1143.99,2025-01-24 00:00:00
Apple Watch Series 9,P012,1146.37,2025-03-13 00:00:00
Apple Watch Series 9,P012,1195.0,2025-03-30 00:00:00
Apple Watch Series 9,P012,1090.12,2025-02-02 00:00:00
Apple Watch Series 9,P012,1086.03,2025-01-17 00:00:00
Apple Watch Series 9,P012,1144.38,2025-01-09 00:00:00
Apple Watch Series 9,P012,1223.84,2025-01-20 00:00:00
Apple Watch Series 9,P012,1224.35,2025-02-24 00:00:00
Apple Watch Series 9,P012,1235.12,2025-01-23 00:00:00
Apple Watch Series 9,P012,1048.09,2025-04-05 00:00:00
Apple Watch Series 9,P012,1128.44,2025-02-23 00:00:00
Apple Watch Series 9,P012,1185.86,2025-01-22 00:00:00
Apple Watch Series 9,P012,1205.3,2025-01-07 00:00:00
Apple Watch Series 9,P012,1174.23,2025-02-25 00:00:00
Dyson V11,P013,436.09,2025-02-14 00:00:00
Dyson V11,P013,452.68,2025-02-08 00:00:00
Dyson V11,P013,484.72,2025-01-09 00:00:00
Dyson V11,P013,509.19,2025-02-18 00:00:00
Dyson V11,P013,457.8,2025-02-04 00:00:00
Dyson V11,P013,495.05,2025-03-30 00:00:00
Dyson V11,P013,481.76,2025-02-14 00:00:00
Dyson V11,P013,489.56,2025-02-20 00:00:00
Dyson V11,P013,498.13,2025-01-16 00:00:00
Dyson V11,P013,436.66,2025-02-23 00:00:00
Dyson V11,P013,502.35,2025-02-17 00:00:00
Dyson V11,P013,440.73,2025-02-09 00:00:00
Dyson V11,P013,446.16,2025-04-03 00:00:00
Dyson V11,P013,442.0,2025-03-26 00:00:00
Dyson V11,P013,430.14,2025-01-13 00:00:00
Dyson V11,P013,450.71,2025-03-09 00:00:00
Dyson V11,P013,424.08,2025-02-18 00:00:00
Dyson V11,P013,474.05,2025-02-07 00:00:00
Dyson V11,P013,508.19,2025-01-30 00:00:00
Dyson V11,P013,441.29,2025-03-23 00:00:00
Dyson V11,P013,498.15,2025-01-16 00:00:00
Dyson V11,P013,450.47,2025-03-06 00:00:00
Dyson V11,P013,462.94,2025-03-19 00:00:00
Dyson V11,P013,436.88,2025-03-01 00:00:00
Dyson V11,P013,445.95,2025-02-17 00:00:00
Dyson V11,P013,453.24,2025-02-15 00:00:00
Dyson V11,P013,492.71,2025-03-12 00:00:00
Dyson V11,P013,510.58,2025-03-20 00:00:00
Dyson V11,P013,469.24,2025-01-18 00:00:00
Dyson V11,P013,484.11,2025-03-15 00:00:00
Dyson V11,P013,433.43,2025-03-07 00:00:00
Dyson V11,P013,454.25,2025-03-07 00:00:00
Dyson V11,P013,502.01,2025-03-08 00:00:00
Dyson V11,P013,449.49,2025-03-10 00:00:00
Dyson V11,P013,461.41,2025-02-21 00:00:00
Dyson V11,P013,440.58,2025-03-07 00:00:00
Dyson V11,P013,497.09,2025-03-05 00:00:00
Dyson V11,P013,421.36,2025-03-22 00:00:00
Dyson V11,P013,421.09,2025-03-02 00:00:00
Dyson V11,P013,465.46,2025-03-04 00:00:00
Dyson V11,P013,490.05,2025-01-18 00:00:00
Dyson V11,P013,449.58,2025-03-23 00:00:00
Dyson V11,P013,432.29,2025-02-03 00:00:00
Dyson V11,P013,420.58,2025-01-29 00:00:00
Dyson V11,P013,479.55,2025-01-07 00:00:00
Dyson V11,P013,503.15,2025-02-27 00:00:00
Dyson V11,P013,459.16,2025-02-24 00:00:00
Dyson V11,P013,492.41,2025-03-14 00:00:00
Dyson V11,P013,498.3,2025-01-27 00:00:00
Dyson V11,P013,475.73,2025-01-16 00:00:00
Dyson V11,P013,504.64,2025-03-18 00:00:00
Dyson V11,P013,442.51,2025-01-27 00:00:00
Dyson V11,P013,430.94,2025-03-16 00:00:00
Dyson V11,P013,498.47,2025-03-19 00:00:00
Dyson V11,P013,493.1,2025-03-05 00:00:00
Dyson V11,P013,429.33,2025-03-02 00:00:00
Dyson V11,P013,466.27,2025-01-30 00:00:00
Dyson V11,P013,504.12,2025-03-31 00:00:00
Dyson V11,P013,459.74,2025-03-25 00:00:00
Dyson V11,P013,487.31,2025-02-15 00:00:00
Dyson V11,P013,481.83,2025-04-04 00:00:00
Dyson V11,P013,447.3,2025-03-19 00:00:00
Dyson V11,P013,495.64,2025-04-04 00:00:00
Dyson V11,P013,425.42,2025-03-02 00:00:00
Dyson V11,P013,435.12,2025-02-02 00:00:00
Dyson V11,P013,447.09,2025-01-20 00:00:00
Dyson V11,P013,459.48,2025-03-10 00:00:00
Dyson V11,P013,463.63,2025-02-01 00:00:00
Dyson V11,P013,485.74,2025-01-28 00:00:00
Dyson V11,P013,456.61,2025-04-02 00:00:00
Dyson V11,P013,455.38,2025-02-21 00:00:00
Dyson V11,P013,444.25,2025-02-12 00:00:00
Dyson V11,P013,474.47,2025-01-11 00:00:00
Dyson V11,P013,482.4,2025-01-07 00:00:00
Dyson V11,P013,484.22,2025-02-12 00:00:00
Dyson V11,P013,421.21,2025-03-20 00:00:00
Dyson V11,P013,459.39,2025-02-27 00:00:00
Dyson V11,P013,480.79,2025-02-25 00:00:00
Dyson V11,P013,492.88,2025-02-24 00:00:00
Dyson V11,P013,479.42,2025-02-13 00:00:00
Dyson V11,P013,429.88,2025-01-31 00:00:00
Dyson V11,P013,447.95,2025-03-15 00:00:00
Dyson V11,P013,500.65,2025-04-02 00:00:00
Dyson V11,P013,482.07,2025-04-06 00:00:00
Dyson V11,P013,491.92,2025-01-13 00:00:00
Dyson V11,P013,506.16,2025-04-03 00:00:00
Dyson V11,P013,489.14,2025-02-07 00:00:00
Dyson V11,P013,428.02,2025-01-19 00:00:00
Dyson V11,P013,423.91,2025-02-22 00:00:00
Dyson V11,P013,476.51,2025-04-01 00:00:00
Dyson V11,P013,421.99,2025-01-24 00:00:00
Dyson V11,P013,479.76,2025-02-08 00:00:00
Dyson V11,P013,476.4,2025-02-16 00:00:00
Dyson V11,P013,428.97,2025-03-29 00:00:00
Dyson V11,P013,487.69,2025-03-23 00:00:00
Dyson V11,P013,502.93,2025-03-17 00:00:00
Dyson V11,P013,499.87,2025-03-31 00:00:00
Dyson V11,P013,499.32,2025-03-12 00:00:00
Dyson V11,P013,429.26,2025-03-06 00:00:00
Dyson V11,P013,438.42,2025-02-28 00:00:00
Instant Pot,P014,27.2,2025-03-09 00:00:00
Instant Pot,P014,27.95,2025-03-09 00:00:00
Instant Pot,P014,26.5,2025-02-10 00:00:00
Instant Pot,P014,26.1,2025-03-19 00:00:00
Instant Pot,P014,25.89,2025-03-23 00:00:00
Instant Pot,P014,28.16,2025-02-05 00:00:00
Instant Pot,P014,31.1,2025-04-06 00:00:00
Instant Pot,P014,26.8,2025-02-25 00:00:00
Instant Pot,P014,31.02,2025-01-20 00:00:00
Instant Pot,P014,27.46,2025-03-17 00:00:00
Instant Pot,P014,30.5,2025-03-21 00:00:00
Instant Pot,P014,29.04,2025-04-06 00:00:00
Instant Pot,P014,29.45,2025-04-07 00:00:00
Instant Pot,P014,30.35,2025-01-27 00:00:00
Instant Pot,P014,27.58,2025-04-07 00:00:00
Instant Pot,P014,28.72,2025-02-05 00:00:00
Instant Pot,P014,29.56,2025-02-12 00:00:00
Instant Pot,P014,31.35,2025-02-06 00:00:00
Instant Pot,P014,30.14,2025-02-16 00:00:00
Instant Pot,P014,28.8,2025-03-30 00:00:00
Instant Pot,P014,31.54,2025-03-09 00:00:00
Instant Pot,P014,28.3,2025-02-02 00:00:00
Instant Pot,P014,29.87,2025-03-07 00:00:00
Instant Pot,P014,28.74,2025-04-05 00:00:00
Instant Pot,P014,30.1,2025-04-06 00:00:00
Instant Pot,P014,28.42,2025-03-17 00:00:00
Instant Pot,P014,26.95,2025-01-12 00:00:00
Instant Pot,P014,30.74,2025-04-02 00:00:00
Instant Pot,P014,27.34,2025-03-16 00:00:00
Instant Pot,P014,29.59,2025-02-28 00:00:00
Instant Pot,P014,30.99,2025-02-01 00:00:00
Instant Pot,P014,28.6,2025-02-15 00:00:00
Instant Pot,P014,26.76,2025-02-14 00:00:00
Instant Pot,P014,28.46,2025-01-20 00:00:00
Instant Pot,P014,27.68,2025-01-11 00:00:00
Instant Pot,P014,26.68,2025-02-25 00:00:00
Instant Pot,P014,28.1,2025-02-03 00:00:00
Instant Pot,P014,29.05,2025-01-25 00:00:00
Instant Pot,P014,29.44,2025-02-24 00:00:00
Instant Pot,P014,26.77,2025-03-16 00:00:00
Instant Pot,P014,27.14,2025-03-30 00:00:00
Instant Pot,P014,31.11,2025-02-14 00:00:00
Instant Pot,P014,29.19,2025-03-12 00:00:00
Instant Pot,P014,28.14,2025-02-14 00:00:00
Instant Pot,P014,31.05,2025-01-25 00:00:00
Instant Pot,P014,28.73,2025-03-05 00:00:00
Instant Pot,P014,30.73,2025-03-09 00:00:00
Instant Pot,P014,27.62,2025-02-22 00:00:00
Instant Pot,P014,26.67,2025-03-14 00:00:00
Instant Pot,P014,31.16,2025-01-18 00:00:00
Instant Pot,P014,27.54,2025-01-21 00:00:00
Instant Pot,P014,26.51,2025-01-22 00:00:00
Instant Pot,P014,30.57,2025-03-14 00:00:00
Instant Pot,P014,31.27,2025-04-07 00:00:00
Instant Pot,P014,27.72,2025-02-19 00:00:00
Instant Pot,P014,28.35,2025-03-13 00:00:00
Instant Pot,P014,30.18,2025-02-24 00:00:00
Instant Pot,P014,30.76,2025-02-08 00:00:00
Instant Pot,P014,29.86,2025-01-23 00:00:00
Instant Pot,P014,26.27,2025-01-21 00:00:00
Instant Pot,P014,27.67,2025-01-18 00:00:00
Instant Pot,P014,28.28,2025-01-10 00:00:00
Instant Pot,P014,28.43,2025-02-09 00:00:00
Instant Pot,P014,29.96,2025-01-07 00:00:00
Instant Pot,P014,28.26,2025-02-14 00:00:00
Instant Pot,P014,25.87,2025-02-10 00:00:00
Instant Pot,P014,27.79,2025-01-19 00:00:00
Instant Pot,P014,28.63,2025-03-01 00:00:00
Instant Pot,P014,29.63,2025-01-29 00:00:00
Instant Pot,P014,26.58,2025-02-19 00:00:00
Instant Pot,P014,26.75,2025-03-16 00:00:00
Instant Pot,P014,27.75,2025-01-28 00:00:00
Instant Pot,P014,29.8,2025-04-02 00:00:00
Instant Pot,P014,28.12,2025-04-07 00:00:00
Instant Pot,P014,29.71,2025-04-03 00:00:00
Instant Pot,P014,30.21,2025-03-10 00:00:00
Instant Pot,P014,28.59,2025-03-29 00:00:00
Instant Pot,P014,27.01,2025-03-19 00:00:00
Instant Pot,P014,26.38,2025-02-18 00:00:00
Instant Pot,P014,26.38,2025-02-02 00:00:00
Instant Pot,P014,30.52,2025-01-16 00:00:00
Instant Pot,P014,31.04,2025-02-23 00:00:00
Instant Pot,P014,31.29,2025-01-15 00:00:00
Instant Pot,P014,30.92,2025-03-12 00:00:00
Instant Pot,P014,29.41,2025-01-17 00:00:00
Instant Pot,P014,31.01,2025-02-18 00:00:00
Instant Pot,P014,29.09,2025-01-23 00:00:00
Instant Pot,P014,26.65,2025-01-29 00:00:00
Instant Pot,P014,29.91,2025-04-04 00:00:00
Instant Pot,P014,31.32,2025-03-04 00:00:00
Instant Pot,P014,26.75,2025-01-10 00:00:00
Instant Pot,P014,27.68,2025-03-26 00:00:00
Instant Pot,P014,29.86,2025-01-24 00:00:00
Instant Pot,P014,28.76,2025-02-17 00:00:00
Instant Pot,P014,28.07,2025-02-27 00:00:00
Instant Pot,P014,29.22,2025-01-17 00:00:00
Instant Pot,P014,27.86,2025-04-04 00:00:00
Instant Pot,P014,30.02,2025-03-10 00:00:00
Instant Pot,P014,27.94,2025-03-29 00:00:00
Instant Pot,P014,28.14,2025-02-02 00:00:00
Nespresso Vertuo,P015,39.83,2025-03-21 00:00:00
Nespresso Vertuo,P015,44.58,2025-03-13 00:00:00
Nespresso Vertuo,P015,47.23,2025-03-17 00:00:00
Nespresso Vertuo,P015,43.21,2025-01-09 00:00:00
Nespresso Vertuo,P015,44.41,2025-01-25 00:00:00
Nespresso Vertuo,P015,41.03,2025-02-13 00:00:00
Nespresso Vertuo,P015,45.02,2025-02-04 00:00:00
Nespresso Vertuo,P015,44.25,2025-03-24 00:00:00
Nespresso Vertuo,P015,46.35,2025-03-03 00:00:00
Nespresso Vertuo,P015,44.08,2025-03-29 00:00:00
Nespresso Vertuo,P015,43.74,2025-03-02 00:00:00
Nespresso Vertuo,P015,44.58,2025-03-26 00:00:00
Nespresso Vertuo,P015,47.1,2025-01-20 00:00:00
Nespresso Vertuo,P015,43.42,2025-04-03 00:00:00
Nespresso Vertuo,P015,46.71,2025-03-12 00:00:00
Nespresso Vertuo,P015,39.92,2025-03-21 00:00:00
Nespresso Vertuo,P015,40.27,2025-03-26 00:00:00
Nespresso Vertuo,P015,46.21,2025-02-25 00:00:00
Nespresso Vertuo,P015,44.06,2025-02-16 00:00:00
Nespresso Vertuo,P015,43.13,2025-04-03 00:00:00
Nespresso Vertuo,P015,43.83,2025-01-30 00:00:00
Nespresso Vertuo,P015,44.47,2025-03-12 00:00:00
Nespresso Vertuo,P015,45.33,2025-03-12 00:00:00
Nespresso Vertuo,P015,44.82,2025-02-04 00:00:00
Nespresso Vertuo,P015,41.32,2025-03-22 00:00:00
Nespresso Vertuo,P015,44.4,2025-02-16 00:00:00
Nespresso Vertuo,P015,42.04,2025-01-25 00:00:00
Nespresso Vertuo,P015,46.71,2025-01-19 00:00:00
Nespresso Vertuo,P015,40.84,2025-02-16 00:00:00
Nespresso Vertuo,P015,47.02,2025-03-19 00:00:00
Nespresso Vertuo,P015,45.47,2025-01-20 00:00:00
Nespresso Vertuo,P015,44.97,2025-02-06 00:00:00
Nespresso Vertuo,P015,43.25,2025-02-18 00:00:00
Nespresso Vertuo,P015,40.81,2025-03-21 00:00:00
Nespresso Vertuo,P015,42.66,2025-03-18 00:00:00
Nespresso Vertuo,P015,40.99,2025-04-07 00:00:00
Nespresso Vertuo,P015,45.5,2025-04-05 00:00:00
Nespresso Vertuo,P015,43.63,2025-03-09 00:00:00
Nespresso Vertuo,P015,42.4,2025-03-31 00:00:00
Nespresso Vertuo,P015,43.59,2025-04-06 00:00:00
Nespresso Vertuo,P015,45.31,2025-02-10 00:00:00
Nespresso Vertuo,P015,43.14,2025-03-07 00:00:00
Nespresso Vertuo,P015,48.04,2025-02-27 00:00:00
Nespresso Vertuo,P015,46.68,2025-03-22 00:00:00
Nespresso Vertuo,P015,43.57,2025-01-07 00:00:00
Nespresso Vertuo,P015,48.07,2025-04-01 00:00:00
Nespresso Vertuo,P015,45.38,2025-02-24 00:00:00
Nespresso Vertuo,P015,42.62,2025-04-02 00:00:00
Nespresso Vertuo,P015,48.05,2025-02-18 00:00:00
Nespresso Vertuo,P015,46.47,2025-01-22 00:00:00
Nespresso Vertuo,P015,42.72,2025-03-11 00:00:00
Nespresso Vertuo,P015,42.37,2025-02-23 00:00:00
Nespresso Vertuo,P015,47.6,2025-02-06 00:00:00
Nespresso Vertuo,P015,44.5,2025-02-12 00:00:00
Nespresso Vertuo,P015,39.54,2025-02-22 00:00:00
Nespresso Vertuo,P015,47.54,2025-03-08 00:00:00
Nespresso Vertuo,P015,42.06,2025-02-21 00:00:00
Nespresso Vertuo,P015,40.05,2025-01-31 00:00:00
Nespresso Vertuo,P015,42.91,2025-02-11 00:00:00
Nespresso Vertuo,P015,42.43,2025-02-02 00:00:00
Nespresso Vertuo,P015,46.55,2025-01-26 00:00:00
Nespresso Vertuo,P015,39.42,2025-01-14 00:00:00
Nespresso Vertuo,P015,44.52,2025-02-12 00:00:00
Nespresso Vertuo,P015,47.31,2025-02-22 00:00:00
Nespresso Vertuo,P015,43.52,2025-01-27 00:00:00
Nespresso Vertuo,P015,39.54,2025-01-17 00:00:00
Nespresso Vertuo,P015,42.19,2025-01-27 00:00:00
Nespresso Vertuo,P015,43.78,2025-01-14 00:00:00
Nespresso Vertuo,P015,43.26,2025-04-01 00:00:00
Nespresso Vertuo,P015,45.3,2025-03-20 00:00:00
Nespresso Vertuo,P015,46.98,2025-02-24 00:00:00
Nespresso Vertuo,P015,45.59,2025-03-09 00:00:00
Nespresso Vertuo,P015,40.88,2025-02-08 00:00:00
Nespresso Vertuo,P015,46.69,2025-01-13 00:00:00
Nespresso Vertuo,P015,41.54,2025-02-02 00:00:00
Nespresso Vertuo,P015,43.31,2025-03-20 00:00:00
Nespresso Vertuo,P015,45.53,2025-03-13 00:00:00
Nespresso Vertuo,P015,42.06,2025-03-06 00:00:00
Nespresso Vertuo,P015,43.52,2025-03-16 00:00:00
Nespresso Vertuo,P015,41.18,2025-03-17 00:00:00
Nespresso Vertuo,P015,46.76,2025-02-15 00:00:00
Nespresso Vertuo,P015,41.44,2025-03-11 00:00:00
Nespresso Vertuo,P015,47.36,2025-03-07 00:00:00
Nespresso Vertuo,P015,45.19,2025-03-12 00:00:00
Nespresso Vertuo,P015,40.52,2025-02-17 00:00:00
Nespresso Vertuo,P015,42.04,2025-01-18 00:00:00
Nespresso Vertuo,P015,42.38,2025-01-13 00:00:00
Nespresso Vertuo,P015,41.86,2025-01-13 00:00:00
Nespresso Vertuo,P015,47.51,2025-01-27 00:00:00
Nespresso Vertuo,P015,43.68,2025-02-24 00:00:00
Nespresso Vertuo,P015,45.54,2025-03-14 00:00:00
Nespresso Vertuo,P015,43.93,2025-01-17 00:00:00
Nespresso Vertuo,P015,44.21,2025-02-20 00:00:00
Nespresso Vertuo,P015,42.01,2025-02-24 00:00:00
Nespresso Vertuo,P015,46.32,2025-01-08 00:00:00
Nespresso Vertuo,P015,41.75,2025-02-03 00:00:00
Nespresso Vertuo,P015,46.86,2025-01-19 00:00:00
Nespresso Vertuo,P015,46.15,2025-01-21 00:00:00
Nespresso Vertuo,P015,41.12,2025-03-28 00:00:00
Nespresso Vertuo,P015,43.5,2025-03-12 00:00:00
LEGO Millennium Falcon,P016,758.93,2025-03-24 00:00:00
LEGO Millennium Falcon,P016,728.18,2025-02-01 00:00:00
LEGO Millennium Falcon,P016,665.3,2025-03-03 00:00:00
LEGO Millennium Falcon,P016,751.8,2025-01-31 00:00:00
LEGO Millennium Falcon,P016,749.61,2025-01-07 00:00:00
LEGO Millennium Falcon,P016,673.78,2025-01-13 00:00:00
LEGO Millennium Falcon,P016,691.24,2025-01-31 00:00:00
LEGO Millennium Falcon,P016,754.47,2025-01-22 00:00:00
LEGO Millennium Falcon,P016,687.67,2025-03-09 00:00:00
LEGO Millennium Falcon,P016,724.81,2025-03-19 00:00:00
LEGO Millennium Falcon,P016,729.91,2025-02-17 00:00:00
LEGO Millennium Falcon,P016,639.87,2025-01-16 00:00:00
LEGO Millennium Falcon,P016,651.88,2025-04-02 00:00:00
LEGO Millennium Falcon,P016,731.84,2025-02-04 00:00:00
LEGO Millennium Falcon,P016,721.75,2025-01-14 00:00:00
LEGO Millennium Falcon,P016,748.99,2025-02-10 00:00:00
LEGO Millennium Falcon,P016,722.53,2025-03-28 00:00:00
LEGO Millennium Falcon,P016,646.63,2025-03-21 00:00:00
LEGO Millennium Falcon,P016,634.6,2025-01-08 00:00:00
LEGO Millennium Falcon,P016,681.33,2025-02-16 00:00:00
LEGO Millennium Falcon,P016,681.97,2025-02-23 00:00:00
LEGO Millennium Falcon,P016,662.48,2025-03-24 00:00:00
LEGO Millennium Falcon,P016,711.73,2025-03-12 00:00:00
LEGO Millennium Falcon,P016,710.43,2025-02-12 00:00:00
LEGO Millennium Falcon,P016,660.05,2025-02-19 00:00:00
LEGO Millennium Falcon,P016,710.76,2025-01-20 00:00:00
LEGO Millennium Falcon,P016,635.86,2025-01-20 00:00:00
LEGO Millennium Falcon,P016,702.59,2025-03-26 00:00:00
LEGO Millennium Falcon,P016,632.14,2025-01-25 00:00:00
LEGO Millennium Falcon,P016,716.66,2025-02-18 00:00:00
LEGO Millennium Falcon,P016,640.78,2025-01-20 00:00:00
LEGO Millennium Falcon,P016,692.55,2025-01-23 00:00:00
LEGO Millennium Falcon,P016,648.63,2025-01-16 00:00:00
LEGO Millennium Falcon,P016,646.85,2025-01-13 00:00:00
LEGO Millennium Falcon,P016,717.5,2025-01-08 00:00:00
LEGO Millennium Falcon,P016,653.95,2025-02-10 00:00:00
LEGO Millennium Falcon,P016,726.02,2025-01-17 00:00:00
LEGO Millennium Falcon,P016,686.97,2025-02-23 00:00:00
LEGO Millennium Falcon,P016,750.87,2025-01-13 00:00:00
LEGO Millennium Falcon,P016,679.28,2025-03-13 00:00:00
LEGO Millennium Falcon,P016,635.94,2025-03-22 00:00:00
LEGO Millennium Falcon,P016,735.75,2025-03-31 00:00:00
LEGO Millennium Falcon,P016,640.12,2025-03-31 00:00:00
LEGO Millennium Falcon,P016,730.5,2025-02-19 00:00:00
LEGO Millennium Falcon,P016,640.96,2025-03-09 00:00:00
LEGO Millennium Falcon,P016,751.36,2025-04-02 00:00:00
LEGO Millennium Falcon,P016,741.03,2025-02-20 00:00:00
LEGO Millennium Falcon,P016,623.0,2025-02-04 00:00:00
LEGO Millennium Falcon,P016,682.51,2025-03-22 00:00:00
LEGO Millennium Falcon,P016,749.96,2025-01-13 00:00:00
LEGO Millennium Falcon,P016,684.54,2025-02-26 00:00:00
LEGO Millennium Falcon,P016,748.82,2025-03-27 00:00:00
LEGO Millennium Falcon,P016,721.89,2025-02-23 00:00:00
LEGO Millennium Falcon,P016,654.19,2025-03-21 00:00:00
LEGO Millennium Falcon,P016,725.62,2025-02-13 00:00:00
LEGO Millennium Falcon,P016,632.11,2025-02-03 00:00:00
LEGO Millennium Falcon,P016,709.09,2025-03-21 00:00:00
LEGO Millennium Falcon,P016,632.63,2025-02-26 00:00:00
LEGO Millennium Falcon,P016,659.2,2025-04-01 00:00:00
LEGO Millennium Falcon,P016,623.36,2025-03-08 00:00:00
LEGO Millennium Falcon,P016,730.31,2025-01-08 00:00:00
LEGO Millennium Falcon,P016,679.39,2025-02-18 00:00:00
LEGO Millennium Falcon,P016,627.27,2025-03-31 00:00:00
LEGO Millennium Falcon,P016,665.97,2025-02-01 00:00:00
LEGO Millennium Falcon,P016,727.83,2025-03-12 00:00:00
LEGO Millennium Falcon,P016,690.71,2025-04-06 00:00:00
LEGO Millennium Falcon,P016,640.41,2025-01-13 00:00:00
LEGO Millennium Falcon,P016,634.98,2025-02-10 00:00:00
LEGO Millennium Falcon,P016,750.61,2025-02-19 00:00:00
LEGO Millennium Falcon,P016,755.82,2025-01-27 00:00:00
LEGO Millennium Falcon,P016,644.14,2025-02-23 00:00:00
LEGO Millennium Falcon,P016,690.07,2025-01-07 00:00:00
LEGO Millennium Falcon,P016,655.87,2025-02-08 00:00:00
LEGO Millennium Falcon,P016,672.44,2025-03-20 00:00:00
LEGO Millennium Falcon,P016,719.33,2025-02-28 00:00:00
LEGO Millennium Falcon,P016,641.06,2025-03-24 00:00:00
LEGO Millennium Falcon,P016,648.76,2025-01-26 00:00:00
LEGO Millennium Falcon,P016,703.74,2025-03-09 00:00:00
LEGO Millennium Falcon,P016,726.66,2025-01-20 00:00:00
LEGO Millennium Falcon,P016,632.49,2025-02-28 00:00:00
LEGO Millennium Falcon,P016,746.75,2025-01-17 00:00:00
LEGO Millennium Falcon,P016,631.76,2025-03-18 00:00:00
LEGO Millennium Falcon,P016,748.03,2025-03-04 00:00:00
LEGO Millennium Falcon,P016,661.13,2025-02-18 00:00:00
LEGO Millennium Falcon,P016,639.91,2025-03-25 00:00:00
LEGO Millennium Falcon,P016,725.84,2025-02-14 00:00:00
LEGO Millennium Falcon,P016,690.38,2025-02-18 00:00:00
LEGO Millennium Falcon,P016,666.91,2025-03-02 00:00:00
LEGO Millennium Falcon,P016,690.21,2025-04-05 00:00:00
LEGO Millennium Falcon,P016,700.55,2025-03-23 00:00:00
LEGO Millennium Falcon,P016,700.07,2025-03-26 00:00:00
LEGO Millennium Falcon,P016,735.15,2025-02-08 00:00:00
LEGO Millennium Falcon,P016,730.93,2025-03-19 00:00:00
LEGO Millennium Falcon,P016,676.04,2025-01-11 00:00:00
LEGO Millennium Falcon,P016,716.51,2025-02-24 00:00:00
LEGO Millennium Falcon,P016,675.38,2025-01-13 00:00:00
LEGO Millennium Falcon,P016,642.6,2025-01-27 00:00:00
LEGO Millennium Falcon,P016,666.99,2025-02-04 00:00:00
LEGO Millennium Falcon,P016,659.82,2025-02-23 00:00:00
LEGO Millennium Falcon,P016,711.07,2025-02-20 00:00:00
Sony WH-1000XM5,P017,837.64,2025-04-06 00:00:00
Sony WH-1000XM5,P017,772.26,2025-01-30 00:00:00
Sony WH-1000XM5,P017,738.51,2025-02-20 00:00:00
Sony WH-1000XM5,P017,722.75,2025-03-24 00:00:00
Sony WH-1000XM5,P017,737.88,2025-01-18 00:00:00
Sony WH-1000XM5,P017,851.0,2025-03-02 00:00:00
Sony WH-1000XM5,P017,819.55,2025-01-14 00:00:00
Sony WH-1000XM5,P017,699.0,2025-03-05 00:00:00
Sony WH-1000XM5,P017,774.22,2025-03-05 00:00:00
Sony WH-1000XM5,P017,741.29,2025-04-06 00:00:00
Sony WH-1000XM5,P017,721.29,2025-04-03 00:00:00
Sony WH-1000XM5,P017,831.56,2025-02-10 00:00:00
Sony WH-1000XM5,P017,706.76,2025-03-26 00:00:00
Sony WH-1000XM5,P017,718.08,2025-01-13 00:00:00
Sony WH-1000XM5,P017,831.37,2025-02-28 00:00:00
Sony WH-1000XM5,P017,741.58,2025-01-30 00:00:00
Sony WH-1000XM5,P017,836.92,2025-03-05 00:00:00
Sony WH-1000XM5,P017,821.95,2025-04-04 00:00:00
Sony WH-1000XM5,P017,712.73,2025-02-26 00:00:00
Sony WH-1000XM5,P017,804.9,2025-03-16 00:00:00
Sony WH-1000XM5,P017,719.28,2025-03-03 00:00:00
Sony WH-1000XM5,P017,725.69,2025-01-22 00:00:00
Sony WH-1000XM5,P017,781.38,2025-01-13 00:00:00
Sony WH-1000XM5,P017,796.28,2025-03-26 00:00:00
Sony WH-1000XM5,P017,724.28,2025-03-23 00:00:00
Sony WH-1000XM5,P017,837.5,2025-01-12 00:00:00
Sony WH-1000XM5,P017,710.61,2025-02-04 00:00:00
Sony WH-1000XM5,P017,792.58,2025-01-15 00:00:00
Sony WH-1000XM5,P017,701.56,2025-03-09 00:00:00
Sony WH-1000XM5,P017,821.21,2025-01-28 00:00:00
Sony WH-1000XM5,P017,755.38,2025-02-28 00:00:00
Sony WH-1000XM5,P017,751.24,2025-04-04 00:00:00
Sony WH-1000XM5,P017,811.44,2025-03-15 00:00:00
Sony WH-1000XM5,P017,703.55,2025-03-19 00:00:00
Sony WH-1000XM5,P017,718.78,2025-02-25 00:00:00
Sony WH-1000XM5,P017,808.32,2025-01-29 00:00:00
Sony WH-1000XM5,P017,839.03,2025-01-12 00:00:00
Sony WH-1000XM5,P017,786.29,2025-03-08 00:00:00
Sony WH-1000XM5,P017,710.72,2025-02-24 00:00:00
Sony WH-1000XM5,P017,741.81,2025-03-27 00:00:00
Sony WH-1000XM5,P017,755.78,2025-03-13 00:00:00
Sony WH-1000XM5,P017,733.46,2025-03-04 00:00:00
Sony WH-1000XM5,P017,809.99,2025-01-20 00:00:00
Sony WH-1000XM5,P017,725.14,2025-03-24 00:00:00
Sony WH-1000XM5,P017,818.05,2025-01-12 00:00:00
Sony WH-1000XM5,P017,825.25,2025-03-20 00:00:00
Sony WH-1000XM5,P017,802.97,2025-03-02 00:00:00
Sony WH-1000XM5,P017,757.92,2025-01-13 00:00:00
Sony WH-1000XM5,P017,702.2,2025-03-23 00:00:00
Sony WH-1000XM5,P017,785.59,2025-02-20 00:00:00
Sony WH-1000XM5,P017,850.87,2025-01-15 00:00:00
Sony WH-1000XM5,P017,702.91,2025-01-23 00:00:00
Sony WH-1000XM5,P017,797.39,2025-03-18 00:00:00
Sony WH-1000XM5,P017,834.73,2025-01-09 00:00:00
Sony WH-1000XM5,P017,813.28,2025-01-21 00:00:00
Sony WH-1000XM5,P017,772.12,2025-01-27 00:00:00
Sony WH-1000XM5,P017,824.19,2025-01-09 00:00:00
Sony WH-1000XM5,P017,847.58,2025-02-20 00:00:00
Sony WH-1000XM5,P017,822.41,2025-02-09 00:00:00
Sony WH-1000XM5,P017,774.26,2025-02-11 00:00:00
Sony WH-1000XM5,P017,733.77,2025-03-03 00:00:00
Sony WH-1000XM5,P017,764.83,2025-03-13 00:00:00
Sony WH-1000XM5,P017,713.22,2025-01-21 00:00:00
Sony WH-1000XM5,P017,836.64,2025-02-06 00:00:00
Sony WH-1000XM5,P017,851.2,2025-02-13 00:00:00
Sony WH-1000XM5,P017,805.01,2025-02-05 00:00:00
Sony WH-1000XM5,P017,836.71,2025-01-29 00:00:00
Sony WH-1000XM5,P017,774.67,2025-01-29 00:00:00
Sony WH-1000XM5,P017,749.41,2025-02-01 00:00:00
Sony WH-1000XM5,P017,718.53,2025-01-17 00:00:00
Sony WH-1000XM5,P017,769.46,2025-02-17 00:00:00
Sony WH-1000XM5,P017,756.72,2025-03-15 00:00:00
Sony WH-1000XM5,P017,815.03,2025-01-12 00:00:00
Sony WH-1000XM5,P017,831.46,2025-03-21 00:00:00
Sony WH-1000XM5,P017,756.37,2025-02-15 00:00:00
Sony WH-1000XM5,P017,746.02,2025-01-17 00:00:00
Sony WH-1000XM5,P017,736.29,2025-03-21 00:00:00
Sony WH-1000XM5,P017,721.8,2025-02-08 00:00:00
Sony WH-1000XM5,P017,822.41,2025-02-21 00:00:00
Sony WH-1000XM5,P017,801.02,2025-03-23 00:00:00
Sony WH-1000XM5,P017,849.07,2025-03-24 00:00:00
Sony WH-1000XM5,P017,822.36,2025-01-26 00:00:00
Sony WH-1000XM5,P017,852.76,2025-01-24 00:00:00
Sony WH-1000XM5,P017,803.18,2025-01-19 00:00:00
Sony WH-1000XM5,P017,708.78,2025-02-03 00:00:00
Sony WH-1000XM5,P017,730.6,2025-03-28 00:00:00
Sony WH-1000XM5,P017,776.17,2025-02-06 00:00:00
Sony WH-1000XM5,P017,768.05,2025-02-06 00:00:00
Sony WH-1000XM5,P017,785.86,2025-01-31 00:00:00
Sony WH-1000XM5,P017,813.1,2025-04-03 00:00:00
Sony WH-1000XM5,P017,762.29,2025-03-13 00:00:00
Sony WH-1000XM5,P017,824.19,2025-02-04 00:00:00
Sony WH-1000XM5,P017,704.55,2025-01-08 00:00:00
Sony WH-1000XM5,P017,845.03,2025-02-26 00:00:00
Sony WH-1000XM5,P017,768.25,2025-01-15 00:00:00
Sony WH-1000XM5,P017,821.9,2025-02-06 00:00:00
Sony WH-1000XM5,P017,713.38,2025-02-19 00:00:00
Sony WH-1000XM5,P017,845.08,2025-02-18 00:00:00
Sony WH-1000XM5,P017,842.1,2025-03-14 00:00:00
Sony WH-1000XM5,P017,790.11,2025-02-27 00:00:00
Bose SoundLink,P018,1257.0,2025-02-13 00:00:00
Bose SoundLink,P018,1142.3,2025-03-13 00:00:00
Bose SoundLink,P018,1237.66,2025-03-19 00:00:00
Bose SoundLink,P018,1117.76,2025-03-10 00:00:00
Bose SoundLink,P018,1107.19,2025-03-26 00:00:00
Bose SoundLink,P018,1163.45,2025-03-23 00:00:00
Bose SoundLink,P018,1058.1,2025-02-28 00:00:00
Bose SoundLink,P018,1062.01,2025-02-22 00:00:00
Bose SoundLink,P018,1069.39,2025-01-09 00:00:00
Bose SoundLink,P018,1196.26,2025-03-25 00:00:00
Bose SoundLink,P018,1203.05,2025-03-28 00:00:00
Bose SoundLink,P018,1128.46,2025-01-14 00:00:00
Bose SoundLink,P018,1092.11,2025-01-19 00:00:00
Bose SoundLink,P018,1083.93,2025-02-28 00:00:00
Bose SoundLink,P018,1082.9,2025-01-08 00:00:00
Bose SoundLink,P018,1237.18,2025-01-21 00:00:00
Bose SoundLink,P018,1200.11,2025-01-26 00:00:00
Bose SoundLink,P018,1078.84,2025-04-04 00:00:00
Bose SoundLink,P018,1234.52,2025-01-29 00:00:00
Bose SoundLink,P018,1063.05,2025-03-20 00:00:00
Bose SoundLink,P018,1124.26,2025-03-30 00:00:00
Bose SoundLink,P018,1119.54,2025-02-01 00:00:00
Bose SoundLink,P018,1190.79,2025-03-06 00:00:00
Bose SoundLink,P018,1128.18,2025-01-07 00:00:00
Bose SoundLink,P018,1076.02,2025-01-09 00:00:00
Bose SoundLink,P018,1188.23,2025-01-16 00:00:00
Bose SoundLink,P018,1079.05,2025-04-03 00:00:00
Bose SoundLink,P018,1196.76,2025-03-14 00:00:00
Bose SoundLink,P018,1046.62,2025-04-04 00:00:00
Bose SoundLink,P018,1119.82,2025-01-12 00:00:00
Bose SoundLink,P018,1120.63,2025-01-19 00:00:00
Bose SoundLink,P018,1208.38,2025-02-01 00:00:00
Bose SoundLink,P018,1102.69,2025-02-08 00:00:00
Bose SoundLink,P018,1067.61,2025-02-10 00:00:00
Bose SoundLink,P018,1121.46,2025-01-23 00:00:00
Bose SoundLink,P018,1103.76,2025-03-17 00:00:00
Bose SoundLink,P018,1199.39,2025-01-23 00:00:00
Bose SoundLink,P018,1171.85,2025-02-15 00:00:00
Bose SoundLink,P018,1167.0,2025-01-23 00:00:00
Bose SoundLink,P018,1051.24,2025-01-09 00:00:00
Bose SoundLink,P018,1054.7,2025-03-05 00:00:00
Bose SoundLink,P018,1153.41,2025-01-07 00:00:00
Bose SoundLink,P018,1198.85,2025-01-07 00:00:00
Bose SoundLink,P018,1062.82,2025-03-02 00:00:00
Bose SoundLink,P018,1064.11,2025-03-29 00:00:00
Bose SoundLink,P018,1155.83,2025-02-17 00:00:00
Bose SoundLink,P018,1045.93,2025-01-19 00:00:00
Bose SoundLink,P018,1182.03,2025-02-13 00:00:00
Bose SoundLink,P018,1126.08,2025-01-15 00:00:00
Bose SoundLink,P018,1159.33,2025-03-03 00:00:00
Bose SoundLink,P018,1094.83,2025-04-01 00:00:00
Bose SoundLink,P018,1036.45,2025-02-02 00:00:00
Bose SoundLink,P018,1221.65,2025-04-06 00:00:00
Bose SoundLink,P018,1250.02,2025-01-07 00:00:00
Bose SoundLink,P018,1142.92,2025-03-18 00:00:00
Bose SoundLink,P018,1146.25,2025-01-25 00:00:00
Bose SoundLink,P018,1072.07,2025-03-09 00:00:00
Bose SoundLink,P018,1110.26,2025-03-30 00:00:00
Bose SoundLink,P018,1184.58,2025-01-29 00:00:00
Bose SoundLink,P018,1233.83,2025-02-02 00:00:00
Bose SoundLink,P018,1117.27,2025-03-31 00:00:00
Bose SoundLink,P018,1151.05,2025-03-09 00:00:00
Bose SoundLink,P018,1233.32,2025-03-13 00:00:00
Bose SoundLink,P018,1039.14,2025-02-09 00:00:00
Bose SoundLink,P018,1043.96,2025-03-05 00:00:00
Bose SoundLink,P018,1091.64,2025-01-12 00:00:00
Bose SoundLink,P018,1065.92,2025-02-08 00:00:00
Bose SoundLink,P018,1181.07,2025-03-07 00:00:00
Bose SoundLink,P018,1148.98,2025-03-12 00:00:00
Bose SoundLink,P018,1080.37,2025-03-30 00:00:00
Bose SoundLink,P018,1160.71,2025-03-29 00:00:00
Bose SoundLink,P018,1191.63,2025-01-17 00:00:00
Bose SoundLink,P018,1112.88,2025-02-07 00:00:00
Bose SoundLink,P018,1217.86,2025-01-29 00:00:00
Bose SoundLink,P018,1165.95,2025-03-16 00:00:00
Bose SoundLink,P018,1235.39,2025-03-05 00:00:00
Bose SoundLink,P018,1048.95,2025-02-17 00:00:00
Bose SoundLink,P018,1050.14,2025-01-12 00:00:00
Bose SoundLink,P018,1251.78,2025-04-01 00:00:00
Bose SoundLink,P018,1107.66,2025-03-26 00:00:00
Bose SoundLink,P018,1060.41,2025-02-09 00:00:00
Bose SoundLink,P018,1112.86,2025-02-25 00:00:00
Bose SoundLink,P018,1101.97,2025-03-18 00:00:00
Bose SoundLink,P018,1063.98,2025-02-17 00:00:00
Bose SoundLink,P018,1227.99,2025-01-27 00:00:00
Bose SoundLink,P018,1226.75,2025-02-26 00:00:00
Bose SoundLink,P018,1042.67,2025-03-25 00:00:00
Bose SoundLink,P018,1225.34,2025-02-04 00:00:00
Bose SoundLink,P018,1206.27,2025-03-01 00:00:00
Bose SoundLink,P018,1101.13,2025-03-24 00:00:00
Bose SoundLink,P018,1075.53,2025-03-13 00:00:00
Bose SoundLink,P018,1107.47,2025-02-18 00:00:00
Bose SoundLink,P018,1142.22,2025-02-02 00:00:00
Bose SoundLink,P018,1161.69,2025-02-15 00:00:00
Bose SoundLink,P018,1037.93,2025-02-24 00:00:00
Bose SoundLink,P018,1061.92,2025-02-24 00:00:00
Bose SoundLink,P018,1146.88,2025-03-26 00:00:00
Bose SoundLink,P018,1101.28,2025-02-10 00:00:00
Bose SoundLink,P018,1191.1,2025-03-26 00:00:00
Bose SoundLink,P018,1094.91,2025-02-10 00:00:00
Fitbit Charge 6,P019,43.18,2025-04-05 00:00:00
Fitbit Charge 6,P019,39.12,2025-01-27 00:00:00
Fitbit Charge 6,P019,43.6,2025-02-14 00:00:00
Fitbit Charge 6,P019,38.4,2025-02-14 00:00:00
Fitbit Charge 6,P019,42.12,2025-03-25 00:00:00
Fitbit Charge 6,P019,38.87,2025-01-26 00:00:00
Fitbit Charge 6,P019,37.9,2025-02-02 00:00:00
Fitbit Charge 6,P019,41.88,2025-02-25 00:00:00
Fitbit Charge 6,P019,42.32,2025-02-15 00:00:00
Fitbit Charge 6,P019,43.78,2025-02-23 00:00:00
Fitbit Charge 6,P019,41.04,2025-01-16 00:00:00
Fitbit Charge 6,P019,43.75,2025-02-16 00:00:00
Fitbit Charge 6,P019,37.93,2025-02-13 00:00:00
Fitbit Charge 6,P019,42.45,2025-01-12 00:00:00
Fitbit Charge 6,P019,39.69,2025-04-06 00:00:00
Fitbit Charge 6,P019,42.78,2025-04-01 00:00:00
Fitbit Charge 6,P019,36.96,2025-02-05 00:00:00
Fitbit Charge 6,P019,43.62,2025-02-21 00:00:00
Fitbit Charge 6,P019,43.33,2025-04-01 00:00:00
Fitbit Charge 6,P019,36.51,2025-02-08 00:00:00
Fitbit Charge 6,P019,39.36,2025-02-16 00:00:00
Fitbit Charge 6,P019,36.8,2025-02-16 00:00:00
Fitbit Charge 6,P019,41.35,2025-03-28 00:00:00
Fitbit Charge 6,P019,43.19,2025-02-22 00:00:00
Fitbit Charge 6,P019,39.83,2025-01-24 00:00:00
Fitbit Charge 6,P019,36.85,2025-02-12 00:00:00
Fitbit Charge 6,P019,41.69,2025-02-02 00:00:00
Fitbit Charge 6,P019,43.34,2025-03-04 00:00:00
Fitbit Charge 6,P019,41.72,2025-03-10 00:00:00
Fitbit Charge 6,P019,41.13,2025-02-15 00:00:00
Fitbit Charge 6,P019,39.38,2025-01-09 00:00:00
Fitbit Charge 6,P019,36.79,2025-03-21 00:00:00
Fitbit Charge 6,P019,36.66,2025-01-30 00:00:00
Fitbit Charge 6,P019,39.84,2025-03-01 00:00:00
Fitbit Charge 6,P019,42.28,2025-03-10 00:00:00
Fitbit Charge 6,P019,38.64,2025-02-05 00:00:00
Fitbit Charge 6,P019,42.04,2025-02-04 00:00:00
Fitbit Charge 6,P019,42.6,2025-03-24 00:00:00
Fitbit Charge 6,P019,39.35,2025-02-25 00:00:00
Fitbit Charge 6,P019,42.08,2025-02-17 00:00:00
Fitbit Charge 6,P019,40.18,2025-03-29 00:00:00
Fitbit Charge 6,P019,40.86,2025-02-21 00:00:00
Fitbit Charge 6,P019,40.38,2025-03-11 00:00:00
Fitbit Charge 6,P019,40.01,2025-02-06 00:00:00
Fitbit Charge 6,P019,37.1,2025-04-07 00:00:00
Fitbit Charge 6,P019,40.15,2025-02-06 00:00:00
Fitbit Charge 6,P019,38.94,2025-03-04 00:00:00
Fitbit Charge 6,P019,40.05,2025-04-01 00:00:00
Fitbit Charge 6,P019,39.58,2025-04-03 00:00:00
Fitbit Charge 6,P019,43.33,2025-03-24 00:00:00
Fitbit Charge 6,P019,43.89,2025-02-13 00:00:00
Fitbit Charge 6,P019,37.69,2025-03-07 00:00:00
Fitbit Charge 6,P019,42.13,2025-03-05 00:00:00
Fitbit Charge 6,P019,41.27,2025-02-22 00:00:00
Fitbit Charge 6,P019,41.29,2025-02-27 00:00:00
Fitbit Charge 6,P019,36.44,2025-01-15 00:00:00
Fitbit Charge 6,P019,39.03,2025-02-24 00:00:00
Fitbit Charge 6,P019,37.56,2025-02-20 00:00:00
Fitbit Charge 6,P019,43.88,2025-01-16 00:00:00
Fitbit Charge 6,P019,41.2,2025-03-02 00:00:00
Fitbit Charge 6,P019,40.02,2025-02-18 00:00:00
Fitbit Charge 6,P019,38.13,2025-03-17 00:00:00
Fitbit Charge 6,P019,36.59,2025-02-13 00:00:00
Fitbit Charge 6,P019,41.74,2025-03-20 00:00:00
Fitbit Charge 6,P019,41.69,2025-02-01 00:00:00
Fitbit Charge 6,P019,41.78,2025-03-28 00:00:00
Fitbit Charge 6,P019,39.53,2025-01-17 00:00:00
Fitbit Charge 6,P019,36.77,2025-01-13 00:00:00
Fitbit Charge 6,P019,42.63,2025-04-03 00:00:00
Fitbit Charge 6,P019,36.35,2025-03-06 00:00:00
Fitbit Charge 6,P019,42.71,2025-03-20 00:00:00
Fitbit Charge 6,P019,38.76,2025-01-19 00:00:00
Fitbit Charge 6,P019,40.01,2025-03-05 00:00:00
Fitbit Charge 6,P019,38.38,2025-03-10 00:00:00
Fitbit Charge 6,P019,42.68,2025-03-02 00:00:00
Fitbit Charge 6,P019,40.02,2025-02-05 00:00:00
Fitbit Charge 6,P019,40.24,2025-01-15 00:00:00
Fitbit Charge 6,P019,39.64,2025-03-25 00:00:00
Fitbit Charge 6,P019,40.17,2025-01-18 00:00:00
Fitbit Charge 6,P019,39.72,2025-03-05 00:00:00
Fitbit Charge 6,P019,40.34,2025-03-29 00:00:00
Fitbit Charge 6,P019,39.92,2025-04-06 00:00:00
Fitbit Charge 6,P019,42.94,2025-04-06 00:00:00
Fitbit Charge 6,P019,37.88,2025-03-10 00:00:00
Fitbit Charge 6,P019,39.69,2025-02-20 00:00:00
Fitbit Charge 6,P019,40.28,2025-03-02 00:00:00
Fitbit Charge 6,P019,40.77,2025-03-14 00:00:00
Fitbit Charge 6,P019,38.83,2025-03-13 00:00:00
Fitbit Charge 6,P019,43.14,2025-03-18 00:00:00
Fitbit Charge 6,P019,42.83,2025-03-12 00:00:00
Fitbit Charge 6,P019,39.42,2025-01-14 00:00:00
Fitbit Charge 6,P019,40.31,2025-02-21 00:00:00
Fitbit Charge 6,P019,41.46,2025-01-22 00:00:00
Fitbit Charge 6,P019,36.52,2025-03-10 00:00:00
Fitbit Charge 6,P019,41.97,2025-04-05 00:00:00
Fitbit Charge 6,P019,43.03,2025-01-13 00:00:00
Fitbit Charge 6,P019,37.91,2025-01-07 00:00:00
Fitbit Charge 6,P019,39.95,2025-01-18 00:00:00
Fitbit Charge 6,P019,43.66,2025-02-22 00:00:00
Fitbit Charge 6,P019,40.38,2025-01-21 00:00:00
Xiaomi Mi Band 8,P020,390.19,2025-04-07 00:00:00
Xiaomi Mi Band 8,P020,398.57,2025-03-05 00:00:00
Xiaomi Mi Band 8,P020,441.78,2025-01-25 00:00:00
Xiaomi Mi Band 8,P020,454.2,2025-01-26 00:00:00
Xiaomi Mi Band 8,P020,390.21,2025-01-12 00:00:00
Xiaomi Mi Band 8,P020,391.33,2025-02-19 00:00:00
Xiaomi Mi Band 8,P020,403.27,2025-04-05 00:00:00
Xiaomi Mi Band 8,P020,465.04,2025-03-15 00:00:00
Xiaomi Mi Band 8,P020,420.75,2025-04-05 00:00:00
Xiaomi Mi Band 8,P020,463.14,2025-03-15 00:00:00
Xiaomi Mi Band 8,P020,432.86,2025-01-17 00:00:00
Xiaomi Mi Band 8,P020,426.07,2025-03-04 00:00:00
Xiaomi Mi Band 8,P020,401.41,2025-03-29 00:00:00
Xiaomi Mi Band 8,P020,407.77,2025-03-25 00:00:00
Xiaomi Mi Band 8,P020,399.84,2025-03-21 00:00:00
Xiaomi Mi Band 8,P020,396.71,2025-02-01 00:00:00
Xiaomi Mi Band 8,P020,444.2,2025-02-27 00:00:00
Xiaomi Mi Band 8,P020,387.33,2025-01-22 00:00:00
Xiaomi Mi Band 8,P020,457.28,2025-03-06 00:00:00
Xiaomi Mi Band 8,P020,464.33,2025-01-13 00:00:00
Xiaomi Mi Band 8,P020,463.12,2025-03-22 00:00:00
Xiaomi Mi Band 8,P020,382.59,2025-03-19 00:00:00
Xiaomi Mi Band 8,P020,413.67,2025-03-04 00:00:00
Xiaomi Mi Band 8,P020,407.69,2025-02-23 00:00:00
Xiaomi Mi Band 8,P020,454.48,2025-01-14 00:00:00
Xiaomi Mi Band 8,P020,419.92,2025-01-20 00:00:00
Xiaomi Mi Band 8,P020,402.55,2025-01-08 00:00:00
Xiaomi Mi Band 8,P020,398.88,2025-03-12 00:00:00
Xiaomi Mi Band 8,P020,405.24,2025-03-31 00:00:00
Xiaomi Mi Band 8,P020,432.26,2025-01-18 00:00:00
Xiaomi Mi Band 8,P020,393.48,2025-01-07 00:00:00
Xiaomi Mi Band 8,P020,392.77,2025-04-03 00:00:00
Xiaomi Mi Band 8,P020,402.07,2025-03-09 00:00:00
Xiaomi Mi Band 8,P020,437.64,2025-02-15 00:00:00
Xiaomi Mi Band 8,P020,430.4,2025-02-16 00:00:00
Xiaomi Mi Band 8,P020,401.84,2025-01-30 00:00:00
Xiaomi Mi Band 8,P020,406.38,2025-02-03 00:00:00
Xiaomi Mi Band 8,P020,399.68,2025-03-27 00:00:00
Xiaomi Mi Band 8,P020,436.14,2025-03-01 00:00:00
Xiaomi Mi Band 8,P020,406.23,2025-01-16 00:00:00
Xiaomi Mi Band 8,P020,383.82,2025-02-28 00:00:00
Xiaomi Mi Band 8,P020,398.34,2025-02-22 00:00:00
Xiaomi Mi Band 8,P020,389.65,2025-01-15 00:00:00
Xiaomi Mi Band 8,P020,408.5,2025-03-06 00:00:00
Xiaomi Mi Band 8,P020,432.17,2025-01-28 00:00:00
Xiaomi Mi Band 8,P020,399.71,2025-03-18 00:00:00
Xiaomi Mi Band 8,P020,439.03,2025-03-18 00:00:00
Xiaomi Mi Band 8,P020,420.3,2025-02-25 00:00:00
Xiaomi Mi Band 8,P020,429.18,2025-02-24 00:00:00
Xiaomi Mi Band 8,P020,393.12,2025-01-20 00:00:00
Xiaomi Mi Band 8,P020,382.98,2025-02-20 00:00:00
Xiaomi Mi Band 8,P020,452.76,2025-02-17 00:00:00
Xiaomi Mi Band 8,P020,457.33,2025-01-12 00:00:00
Xiaomi Mi Band 8,P020,444.86,2025-01-15 00:00:00
Xiaomi Mi Band 8,P020,451.7,2025-03-06 00:00:00
Xiaomi Mi Band 8,P020,418.08,2025-03-10 00:00:00
Xiaomi Mi Band 8,P020,455.13,2025-03-11 00:00:00
Xiaomi Mi Band 8,P020,461.74,2025-04-07 00:00:00
Xiaomi Mi Band 8,P020,407.18,2025-03-28 00:00:00
Xiaomi Mi Band 8,P020,421.24,2025-02-19 00:00:00
Xiaomi Mi Band 8,P020,446.08,2025-02-16 00:00:00
Xiaomi Mi Band 8,P020,443.19,2025-04-05 00:00:00
Xiaomi Mi Band 8,P020,397.34,2025-03-28 00:00:00
Xiaomi Mi Band 8,P020,461.7,2025-03-08 00:00:00
Xiaomi Mi Band 8,P020,422.89,2025-02-04 00:00:00
Xiaomi Mi Band 8,P020,423.89,2025-01-12 00:00:00
Xiaomi Mi Band 8,P020,419.7,2025-04-04 00:00:00
Xiaomi Mi Band 8,P020,440.77,2025-03-20 00:00:00
Xiaomi Mi Band 8,P020,443.68,2025-01-11 00:00:00
Xiaomi Mi Band 8,P020,450.18,2025-02-16 00:00:00
Xiaomi Mi Band 8,P020,410.16,2025-01-19 00:00:00
Xiaomi Mi Band 8,P020,405.44,2025-01-25 00:00:00
Xiaomi Mi Band 8,P020,450.99,2025-02-03 00:00:00
Xiaomi Mi Band 8,P020,459.14,2025-02-08 00:00:00
Xiaomi Mi Band 8,P020,387.64,2025-01-25 00:00:00
Xiaomi Mi Band 8,P020,414.6,2025-03-15 00:00:00
Xiaomi Mi Band 8,P020,438.79,2025-03-20 00:00:00
Xiaomi Mi Band 8,P020,418.13,2025-03-17 00:00:00
Xiaomi Mi Band 8,P020,399.96,2025-01-27 00:00:00
Xiaomi Mi Band 8,P020,403.89,2025-03-26 00:00:00
Xiaomi Mi Band 8,P020,426.01,2025-03-17 00:00:00
Xiaomi Mi Band 8,P020,419.45,2025-02-18 00:00:00
Xiaomi Mi Band 8,P020,415.13,2025-02-09 00:00:00
Xiaomi Mi Band 8,P020,407.22,2025-03-20 00:00:00
Xiaomi Mi Band 8,P020,409.98,2025-03-07 00:00:00
Xiaomi Mi Band 8,P020,407.37,2025-02-15 00:00:00
Xiaomi Mi Band 8,P020,397.42,2025-03-24 00:00:00
Xiaomi Mi Band 8,P020,427.07,2025-01-09 00:00:00
Xiaomi Mi Band 8,P020,387.98,2025-02-27 00:00:00
Xiaomi Mi Band 8,P020,410.08,2025-01-21 00:00:00
Xiaomi Mi Band 8,P020,464.94,2025-02-17 00:00:00
Xiaomi Mi Band 8,P020,422.54,2025-03-31 00:00:00
Xiaomi Mi Band 8,P020,463.21,2025-02-08 00:00:00
Xiaomi Mi Band 8,P020,386.73,2025-01-26 00:00:00
Xiaomi Mi Band 8,P020,417.85,2025-01-24 00:00:00
Xiaomi Mi Band 8,P020,396.19,2025-01-08 00:00:00
Xiaomi Mi Band 8,P020,420.67,2025-03-10 00:00:00
Xiaomi Mi Band 8,P020,388.3,2025-03-22 00:00:00
Xiaomi Mi Band 8,P020,391.37,2025-01-11 00:00:00
Xiaomi Mi Band 8,P020,387.76,2025-04-06 00:00:00
